map,start,config,arm,lidar_m,n_goals,goals_reached,goals_no_path,goals_timed_out,dead_tail_goals,swings_raw,swings_real,round_trips_raw,round_trips_real,goal_jump_total_m,swing_threshold_m,d_robot_to_goal_median_m,path_m,path_to_50pct_m,path_to_80pct_m,coverage_pct,area_m2,ceiling_m2,reversals,impacts,sim_s,decide_ms_mean,wall_capped,end_reason
bigoffice,centre,scoring,pr2830,4.000,9,6,3,0,3,1,1,0,0,46.688,11.799,3.834,41.600,6.983,33.245,89.856,77.910,86.705,0,0,427.092,13453.127,False,harness: 6 decisions in a row with < 0.1 m of motion and < 0.05 m2 of map
bigoffice,centre,scoring,pr2830+M4.3,4.000,9,6,3,0,3,1,1,0,0,46.688,11.799,3.834,41.600,6.983,33.245,89.856,77.910,86.705,0,0,427.092,13469.650,False,harness: 6 decisions in a row with < 0.1 m of motion and < 0.05 m2 of map
bigoffice,centre,scoring,stock,4.000,11,8,3,0,2,2,2,1,1,65.566,11.799,3.925,82.705,6.359,32.417,92.270,80.003,86.705,1,0,805.257,13065.879,False,harness: 6 decisions in a row with < 0.1 m of motion and < 0.05 m2 of map
bigoffice,centre,scoring,stock+M4.3,4.000,9,6,3,0,3,1,1,0,0,46.688,11.799,3.834,41.600,6.983,33.245,89.856,77.910,86.705,0,0,427.092,13533.214,False,harness: 6 decisions in a row with < 0.1 m of motion and < 0.05 m2 of map
bigoffice,centre,scoring,stock+T30,4.000,9,7,2,0,1,1,1,0,0,53.492,11.799,3.917,45.188,6.792,33.357,90.035,78.065,86.705,1,0,489.254,13322.009,False,harness: 6 decisions in a row with < 0.1 m of motion and < 0.05 m2 of map
bigoffice,centre,shipped,pr2830,4.000,7,0,2,5,7,0,0,0,0,20.346,11.799,3.909,10.095,6.215,,59.466,51.560,86.705,0,0,93.456,13310.575,False,explorer stopped itself: no information gain
bigoffice,centre,shipped,pr2830+M4.3,4.000,7,0,2,5,7,0,0,0,0,20.346,11.799,3.909,10.095,6.215,,59.466,51.560,86.705,0,0,93.456,13587.788,False,explorer stopped itself: no information gain
bigoffice,centre,shipped,stock,4.000,9,0,0,9,9,0,0,0,0,30.467,11.799,3.925,14.087,8.395,,60.723,52.650,86.705,0,0,137.003,13258.363,False,explorer stopped itself: no information gain
bigoffice,centre,shipped,stock+M4.3,4.000,7,0,0,7,7,0,0,0,0,13.566,11.799,3.727,11.894,6.167,,59.798,51.848,86.705,0,0,106.518,13263.070,False,explorer stopped itself: no information gain
bigoffice,centre,shipped,stock+T30,4.000,8,0,0,8,8,0,0,0,0,12.331,11.799,3.427,12.868,6.426,,55.631,48.235,86.705,0,0,122.351,13470.236,False,explorer stopped itself: no information gain
bigoffice,mid1,scoring,pr2830,4.000,7,6,1,0,1,0,0,0,0,27.941,11.799,3.959,49.730,12.664,23.003,90.822,78.748,86.705,1,0,508.339,13077.872,False,harness: 6 decisions in a row with < 0.1 m of motion and < 0.05 m2 of map
bigoffice,mid1,scoring,pr2830+M4.3,4.000,7,6,1,0,1,0,0,0,0,27.941,11.799,3.959,49.730,12.664,23.003,90.822,78.748,86.705,1,0,508.339,13499.728,False,harness: 6 decisions in a row with < 0.1 m of motion and < 0.05 m2 of map
bigoffice,mid1,scoring,stock,4.000,7,6,1,0,1,0,0,0,0,27.941,11.799,3.959,49.730,12.664,23.003,90.822,78.748,86.705,1,0,508.339,13032.944,False,harness: 6 decisions in a row with < 0.1 m of motion and < 0.05 m2 of map
bigoffice,mid1,scoring,stock+M4.3,4.000,7,6,1,0,1,0,0,0,0,27.941,11.799,3.959,49.730,12.664,23.003,90.822,78.748,86.705,1,0,508.339,13308.653,False,harness: 6 decisions in a row with < 0.1 m of motion and < 0.05 m2 of map
bigoffice,mid1,scoring,stock+T30,4.000,10,7,3,0,2,2,2,1,1,58.833,11.799,3.683,56.394,12.664,26.340,90.378,78.363,86.705,2,1,594.322,13152.218,False,harness: 6 decisions in a row with < 0.1 m of motion and < 0.05 m2 of map
bigoffice,mid1,shipped,pr2830,4.000,12,0,0,12,12,1,1,0,0,45.359,11.799,3.884,22.538,12.807,18.469,82.172,71.248,86.705,0,0,184.023,13269.192,False,explorer stopped itself: no information gain
bigoffice,mid1,shipped,pr2830+M4.3,4.000,12,0,0,12,12,0,0,0,0,31.749,11.799,3.884,22.521,12.807,18.469,82.190,71.263,86.705,0,0,183.796,13382.437,False,explorer stopped itself: no information gain
bigoffice,mid1,shipped,stock,4.000,7,0,1,6,7,0,0,0,0,29.081,11.799,3.911,8.088,,,22.412,19.433,86.705,0,0,97.257,13631.978,False,explorer stopped itself: no information gain
bigoffice,mid1,shipped,stock+M4.3,4.000,7,0,1,6,7,0,0,0,0,14.988,11.799,3.911,8.747,,,22.784,19.755,86.705,0,0,99.260,13637.255,False,explorer stopped itself: no information gain
bigoffice,mid1,shipped,stock+T30,4.000,14,0,0,14,14,0,0,0,0,33.252,11.799,3.937,25.789,12.807,20.824,84.779,73.508,86.705,0,0,213.600,13157.594,False,explorer stopped itself: no information gain
bigoffice,mid2,scoring,pr2830,4.000,8,6,2,0,2,1,1,0,0,43.891,11.799,4.000,39.310,7.231,26.838,89.239,77.375,86.705,0,0,386.237,12543.518,False,harness: 6 decisions in a row with < 0.1 m of motion and < 0.05 m2 of map
bigoffice,mid2,scoring,pr2830+M4.3,4.000,8,6,2,0,2,1,1,0,0,43.891,11.799,4.000,39.310,7.231,26.838,89.239,77.375,86.705,0,0,386.237,12715.638,False,harness: 6 decisions in a row with < 0.1 m of motion and < 0.05 m2 of map
bigoffice,mid2,scoring,stock,4.000,3,2,1,0,1,0,0,0,0,5.930,11.799,3.607,37.300,7.356,29.017,90.436,78.413,86.705,0,0,410.620,13633.760,False,harness: 6 decisions in a row with < 0.1 m of motion and < 0.05 m2 of map
bigoffice,mid2,scoring,stock+M4.3,4.000,8,8,0,0,0,0,0,0,0,29.424,11.799,3.880,38.995,7.356,31.071,92.541,80.238,86.705,2,1,409.220,12694.605,False,harness: 6 decisions in a row with < 0.1 m of motion and < 0.05 m2 of map
bigoffice,mid2,scoring,stock+T30,4.000,9,7,2,0,1,1,1,0,0,43.821,11.799,3.607,71.094,7.931,21.969,91.088,78.978,86.705,0,0,666.688,12875.696,False,harness: 6 decisions in a row with < 0.1 m of motion and < 0.05 m2 of map
bigoffice,mid2,shipped,pr2830,4.000,16,0,1,15,16,1,1,0,0,64.784,11.799,3.739,27.406,8.977,22.454,88.253,76.520,86.705,0,0,233.682,12770.683,False,explorer stopped itself: no information gain
bigoffice,mid2,shipped,pr2830+M4.3,4.000,16,0,0,16,16,1,1,0,0,70.472,11.799,3.597,25.854,10.066,,77.617,67.297,86.705,0,0,245.474,13067.292,False,explorer stopped itself: no information gain
bigoffice,mid2,shipped,stock,4.000,7,0,0,7,7,0,0,0,0,20.622,11.799,3.966,11.762,6.552,,54.674,47.405,86.705,0,0,106.249,13354.503,False,explorer stopped itself: no information gain
bigoffice,mid2,shipped,stock+M4.3,4.000,9,0,0,9,9,0,0,0,0,29.498,11.799,3.936,14.069,9.493,,58.088,50.365,86.705,0,0,136.666,13135.142,False,explorer stopped itself: no information gain
bigoffice,mid2,shipped,stock+T30,4.000,13,0,2,11,13,0,0,0,0,31.041,11.799,3.143,20.428,8.638,,74.454,64.555,86.705,0,0,176.551,13060.621,False,explorer stopped itself: no information gain
bigoffice,mid3,scoring,pr2830,4.000,9,6,3,0,2,1,1,0,0,44.913,11.799,3.923,72.598,22.560,31.309,90.378,78.363,86.705,1,0,703.580,12413.299,False,harness: 6 decisions in a row with < 0.1 m of motion and < 0.05 m2 of map
bigoffice,mid3,scoring,pr2830+M4.3,4.000,9,6,3,0,2,1,1,0,0,44.913,11.799,3.923,72.598,22.560,31.309,90.378,78.363,86.705,1,0,703.580,12532.916,False,harness: 6 decisions in a row with < 0.1 m of motion and < 0.05 m2 of map
bigoffice,mid3,scoring,stock,4.000,10,6,4,0,3,2,2,1,1,59.873,11.799,4.433,70.219,14.668,24.916,90.151,78.165,86.705,0,0,687.044,12160.160,False,harness: 6 decisions in a row with < 0.1 m of motion and < 0.05 m2 of map
bigoffice,mid3,scoring,stock+M4.3,4.000,9,7,2,0,1,1,1,0,0,38.815,11.799,3.875,59.268,22.560,27.763,91.275,79.140,86.705,0,0,591.262,12336.093,False,harness: 6 decisions in a row with < 0.1 m of motion and < 0.05 m2 of map
bigoffice,mid3,scoring,stock+T30,4.000,10,7,3,0,1,1,1,0,0,45.057,11.799,3.935,61.341,22.560,29.042,91.708,79.515,86.705,0,0,603.274,12347.995,False,harness: 6 decisions in a row with < 0.1 m of motion and < 0.05 m2 of map
bigoffice,mid3,shipped,pr2830,4.000,9,0,2,7,9,1,1,0,0,36.224,11.799,3.586,11.691,,,29.961,25.978,86.705,0,0,116.320,12959.770,False,explorer stopped itself: no information gain
bigoffice,mid3,shipped,pr2830+M4.3,4.000,9,0,2,7,9,1,1,0,0,36.984,11.799,3.547,11.727,,,29.915,25.938,86.705,0,0,116.034,13013.196,False,explorer stopped itself: no information gain
bigoffice,mid3,shipped,stock,4.000,12,0,0,12,12,0,0,0,0,28.111,11.799,3.857,21.506,11.368,,72.695,63.030,86.705,0,0,182.792,12580.861,False,explorer stopped itself: no information gain
bigoffice,mid3,shipped,stock+M4.3,4.000,9,0,3,6,9,0,0,0,0,24.624,11.799,3.167,10.672,,,29.912,25.935,86.705,0,0,100.757,13188.586,False,explorer stopped itself: no information gain
bigoffice,mid3,shipped,stock+T30,4.000,7,0,2,5,7,1,1,0,0,18.674,11.799,2.767,9.457,,,30.053,26.058,86.705,0,0,89.921,13553.448,False,explorer stopped itself: no information gain
bigoffice,mid4,scoring,pr2830,4.000,10,7,3,0,3,1,1,0,0,47.377,11.799,3.802,61.359,7.434,32.336,91.849,79.638,86.705,0,0,606.056,12227.912,False,harness: 6 decisions in a row with < 0.1 m of motion and < 0.05 m2 of map
bigoffice,mid4,scoring,pr2830+M4.3,4.000,10,7,3,0,3,1,1,0,0,46.776,11.799,3.802,61.359,7.434,32.336,91.849,79.638,86.705,0,0,606.056,12421.554,False,harness: 6 decisions in a row with < 0.1 m of motion and < 0.05 m2 of map
bigoffice,mid4,scoring,stock,4.000,10,7,3,0,3,3,3,2,2,80.464,11.799,4.531,95.078,7.434,26.190,91.661,79.475,86.705,0,0,883.785,11873.140,False,harness: 6 decisions in a row with < 0.1 m of motion and < 0.05 m2 of map
bigoffice,mid4,scoring,stock+M4.3,4.000,9,7,2,0,2,1,1,0,0,46.934,11.799,3.857,61.353,7.434,32.336,91.849,79.638,86.705,0,0,605.018,12101.675,False,harness: 6 decisions in a row with < 0.1 m of motion and < 0.05 m2 of map
bigoffice,mid4,scoring,stock+T30,4.000,9,7,2,0,1,1,1,0,0,42.880,11.799,3.712,86.061,10.326,40.131,91.806,79.600,86.705,0,0,803.276,12155.372,False,harness: 6 decisions in a row with < 0.1 m of motion and < 0.05 m2 of map
bigoffice,mid4,shipped,pr2830,4.000,7,0,0,7,7,0,0,0,0,27.759,11.799,3.885,12.187,6.302,,55.666,48.265,86.705,0,0,107.623,12475.990,False,explorer stopped itself: no information gain
bigoffice,mid4,shipped,pr2830+M4.3,4.000,7,0,0,7,7,0,0,0,0,27.759,11.799,3.885,12.187,6.302,,55.666,48.265,86.705,0,0,107.623,12235.015,False,explorer stopped itself: no information gain
bigoffice,mid4,shipped,stock,4.000,7,0,0,7,7,0,0,0,0,18.198,11.799,3.909,12.330,6.296,,56.640,49.110,86.705,0,0,106.557,12548.152,False,explorer stopped itself: no information gain
bigoffice,mid4,shipped,stock+M4.3,4.000,9,0,0,9,9,0,0,0,0,25.187,11.799,3.909,16.014,6.296,,59.232,51.358,86.705,0,0,138.146,12498.970,False,explorer stopped itself: no information gain
bigoffice,mid4,shipped,stock+T30,4.000,11,0,1,10,11,1,1,0,0,33.156,11.799,3.155,18.992,12.812,,62.419,54.120,86.705,0,0,162.649,12257.112,False,explorer stopped itself: no information gain
bigoffice,mid5,scoring,pr2830,4.000,10,7,3,0,2,1,1,0,0,52.809,11.799,4.113,49.619,5.613,41.335,89.663,77.743,86.705,0,0,507.105,11850.243,False,harness: 6 decisions in a row with < 0.1 m of motion and < 0.05 m2 of map
bigoffice,mid5,scoring,pr2830+M4.3,4.000,10,7,3,0,2,1,1,0,0,48.792,11.799,4.024,69.993,5.613,19.949,89.917,77.963,86.705,0,0,676.581,11932.536,False,harness: 6 decisions in a row with < 0.1 m of motion and < 0.05 m2 of map
bigoffice,mid5,scoring,stock,4.000,4,3,1,0,1,0,0,0,0,19.086,11.799,5.574,45.701,10.610,37.671,90.171,78.183,86.705,0,0,506.361,12029.126,False,harness: 6 decisions in a row with < 0.1 m of motion and < 0.05 m2 of map
bigoffice,mid5,scoring,stock+M4.3,4.000,9,7,2,0,2,1,1,0,0,43.379,11.799,4.009,65.777,10.610,24.712,90.332,78.323,86.705,0,0,636.958,12160.163,False,harness: 6 decisions in a row with < 0.1 m of motion and < 0.05 m2 of map
bigoffice,mid5,scoring,stock+T30,4.000,10,7,3,0,1,1,1,0,0,53.842,11.799,3.625,71.499,5.613,20.391,90.776,78.708,86.705,0,0,681.315,11863.354,False,harness: 6 decisions in a row with < 0.1 m of motion and < 0.05 m2 of map
bigoffice,mid5,shipped,pr2830,4.000,8,0,1,7,8,0,0,0,0,33.250,11.799,3.435,10.387,8.526,,52.958,45.918,86.705,0,0,110.418,12214.940,False,explorer stopped itself: no information gain
bigoffice,mid5,shipped,pr2830+M4.3,4.000,7,0,1,6,7,0,0,0,0,32.234,11.799,3.421,8.964,5.063,,50.804,44.050,86.705,0,0,92.427,12219.383,False,explorer stopped itself: no information gain
bigoffice,mid5,shipped,stock,4.000,7,0,0,7,7,0,0,0,0,26.173,11.799,4.231,10.853,7.241,,54.501,47.255,86.705,0,0,108.358,12338.107,False,explorer stopped itself: no information gain
bigoffice,mid5,shipped,stock+M4.3,4.000,7,0,0,7,7,0,0,0,0,19.175,11.799,3.999,11.392,7.241,,55.576,48.188,86.705,0,0,108.117,12413.789,False,explorer stopped itself: no information gain
bigoffice,mid5,shipped,stock+T30,4.000,13,0,1,12,13,1,1,0,0,40.052,11.799,3.401,21.992,5.063,20.554,81.601,70.753,86.705,0,0,184.947,12169.324,False,explorer stopped itself: no information gain
bigoffice_hc,centre,scoring,pr2830,4.000,12,5,7,0,7,3,2,2,1,88.381,11.830,5.490,71.371,17.619,53.375,89.069,76.123,85.465,8,4,725.654,12871.043,False,harness: 6 decisions in a row with < 0.1 m of motion and < 0.05 m2 of map
bigoffice_hc,centre,scoring,pr2830+M4.3,4.000,7,4,3,0,3,1,0,0,0,30.365,11.830,2.535,42.105,29.221,34.454,89.159,76.200,85.465,2,1,458.071,13341.064,False,harness: 6 decisions in a row with < 0.1 m of motion and < 0.05 m2 of map
bigoffice_hc,centre,scoring,stock,4.000,9,4,5,0,5,3,2,2,1,78.415,11.830,6.247,63.210,10.737,45.909,88.914,75.990,85.465,6,3,637.326,13077.291,False,harness: 6 decisions in a row with < 0.1 m of motion and < 0.05 m2 of map
bigoffice_hc,centre,scoring,stock+M4.3,4.000,7,4,3,0,3,1,0,0,0,30.880,11.830,2.574,42.105,29.221,34.454,89.159,76.200,85.465,2,1,460.071,13445.416,False,harness: 6 decisions in a row with < 0.1 m of motion and < 0.05 m2 of map
bigoffice_hc,centre,scoring,stock+T30,4.000,7,4,3,0,3,1,0,0,0,30.365,11.830,2.535,42.105,29.221,34.454,89.159,76.200,85.465,2,1,458.071,13489.953,False,harness: 6 decisions in a row with < 0.1 m of motion and < 0.05 m2 of map
bigoffice_hc,centre,shipped,pr2830,4.000,11,0,1,10,11,0,0,0,0,43.417,11.830,3.647,15.856,8.385,,63.102,53.930,85.465,0,0,153.256,13396.663,False,explorer stopped itself: no information gain
bigoffice_hc,centre,shipped,pr2830+M4.3,4.000,11,0,1,10,11,0,0,0,0,32.347,11.830,3.902,15.808,8.385,,63.146,53.968,85.465,0,0,152.919,13626.886,False,explorer stopped itself: no information gain
bigoffice_hc,centre,shipped,stock,4.000,10,0,0,10,10,0,0,0,0,20.581,11.830,3.779,16.168,8.323,,63.201,54.015,85.465,0,0,152.266,13348.882,False,explorer stopped itself: no information gain
bigoffice_hc,centre,shipped,stock+M4.3,4.000,12,0,1,11,12,0,0,0,0,39.722,11.830,3.934,17.491,10.012,,62.882,53.743,85.465,0,0,167.880,13909.591,False,explorer stopped itself: no information gain
bigoffice_hc,centre,shipped,stock+T30,4.000,8,0,1,7,8,0,0,0,0,12.743,11.830,3.453,13.109,,,38.489,32.895,85.465,0,0,109.683,13799.538,False,explorer stopped itself: no information gain
bigoffice_hc,mid1,scoring,pr2830,4.000,8,6,2,0,2,1,0,0,0,45.681,11.830,3.880,51.691,13.126,22.419,89.130,76.175,85.465,0,0,515.436,13251.754,False,harness: 6 decisions in a row with < 0.1 m of motion and < 0.05 m2 of map
bigoffice_hc,mid1,scoring,pr2830+M4.3,4.000,8,6,2,0,2,1,0,0,0,45.681,11.830,3.880,51.691,13.126,22.419,89.130,76.175,85.465,0,0,515.436,13304.900,False,harness: 6 decisions in a row with < 0.1 m of motion and < 0.05 m2 of map
bigoffice_hc,mid1,scoring,stock,4.000,5,2,3,0,0,3,1,2,0,58.580,11.830,2.865,36.237,22.286,27.252,89.259,76.285,85.465,3,1,433.534,13177.572,False,harness: 6 decisions in a row with < 0.1 m of motion and < 0.05 m2 of map
bigoffice_hc,mid1,scoring,stock+M4.3,4.000,8,6,2,0,2,1,0,0,0,45.681,11.830,3.880,51.691,13.126,22.419,89.130,76.175,85.465,0,0,515.436,13501.538,False,harness: 6 decisions in a row with < 0.1 m of motion and < 0.05 m2 of map
bigoffice_hc,mid1,scoring,stock+T30,4.000,10,8,2,0,1,1,1,0,0,42.437,11.830,3.599,51.421,13.126,28.417,90.013,76.930,85.465,2,1,526.497,13398.536,False,harness: 6 decisions in a row with < 0.1 m of motion and < 0.05 m2 of map
bigoffice_hc,mid1,shipped,pr2830,4.000,11,0,0,11,11,0,0,0,0,28.326,11.830,3.657,19.376,12.911,,71.515,61.120,85.465,0,0,167.666,13355.706,False,explorer stopped itself: no information gain
bigoffice_hc,mid1,shipped,pr2830+M4.3,4.000,11,0,0,11,11,0,0,0,0,28.326,11.830,3.657,19.376,12.911,,71.515,61.120,85.465,0,0,167.666,13543.566,False,explorer stopped itself: no information gain
bigoffice_hc,mid1,shipped,stock,4.000,14,0,0,14,14,0,0,0,0,39.276,11.830,3.829,24.960,15.476,21.129,81.952,70.040,85.465,0,0,214.612,13369.230,False,explorer stopped itself: no information gain
bigoffice_hc,mid1,shipped,stock+M4.3,4.000,14,0,0,14,14,0,0,0,0,33.305,11.830,3.917,25.827,12.911,21.415,84.128,71.900,85.465,0,0,212.253,13345.268,False,explorer stopped itself: no information gain
bigoffice_hc,mid1,shipped,stock+T30,4.000,12,0,0,12,12,0,0,0,0,23.374,11.830,3.692,20.515,12.911,,73.197,62.558,85.465,2,1,184.410,13440.854,False,explorer stopped itself: no information gain
bigoffice_hc,mid2,scoring,pr2830,4.000,12,7,5,0,5,1,0,0,0,62.643,11.830,3.865,58.406,5.947,31.501,93.348,79.780,85.465,5,2,606.848,12630.086,False,harness: 6 decisions in a row with < 0.1 m of motion and < 0.05 m2 of map
bigoffice_hc,mid2,scoring,pr2830+M4.3,4.000,12,7,5,0,5,1,0,0,0,62.643,11.830,3.865,58.406,5.947,31.501,93.348,79.780,85.465,5,2,606.848,12623.839,False,harness: 6 decisions in a row with < 0.1 m of motion and < 0.05 m2 of map
bigoffice_hc,mid2,scoring,stock,4.000,12,8,4,0,2,1,0,0,0,67.226,11.830,4.020,67.906,8.040,40.055,94.182,80.493,85.465,5,2,676.225,12242.696,False,harness: 6 decisions in a row with < 0.1 m of motion and < 0.05 m2 of map
bigoffice_hc,mid2,scoring,stock+M4.3,4.000,12,7,5,0,5,1,0,0,0,62.643,11.830,3.865,58.406,5.947,31.501,93.348,79.780,85.465,5,2,606.848,12454.354,False,harness: 6 decisions in a row with < 0.1 m of motion and < 0.05 m2 of map
bigoffice_hc,mid2,scoring,stock+T30,4.000,12,8,4,0,2,2,1,1,0,59.994,11.830,3.652,51.196,11.847,45.170,93.170,79.628,85.465,11,5,588.693,12394.887,False,harness: 6 decisions in a row with < 0.1 m of motion and < 0.05 m2 of map
bigoffice_hc,mid2,shipped,pr2830,4.000,7,0,1,6,7,0,0,0,0,22.819,11.830,3.722,10.604,,,45.928,39.253,85.465,1,0,96.658,12821.194,False,explorer stopped itself: no information gain
bigoffice_hc,mid2,shipped,pr2830+M4.3,4.000,7,0,1,6,7,0,0,0,0,22.819,11.830,3.722,10.604,,,45.928,39.253,85.465,1,0,96.658,13023.774,False,explorer stopped itself: no information gain
bigoffice_hc,mid2,shipped,stock,4.000,8,0,0,8,8,0,0,0,0,24.173,11.830,4.198,13.092,8.066,,52.130,44.553,85.465,1,0,121.578,13101.828,False,explorer stopped itself: no information gain
bigoffice_hc,mid2,shipped,stock+M4.3,4.000,9,0,0,9,9,0,0,0,0,29.265,11.830,4.549,15.271,10.265,,55.991,47.853,85.465,1,0,139.553,12976.416,False,explorer stopped itself: no information gain
bigoffice_hc,mid2,shipped,stock+T30,4.000,20,0,0,20,20,0,0,0,0,38.946,11.830,3.315,29.822,11.842,28.374,80.270,68.603,85.465,6,3,311.308,12503.366,False,explorer stopped itself: no information gain
bigoffice_hc,mid3,scoring,pr2830,4.000,5,3,2,0,1,1,0,0,0,25.429,11.830,2.774,37.846,23.839,28.805,89.949,76.875,85.465,3,1,429.837,12279.462,False,harness: 6 decisions in a row with < 0.1 m of motion and < 0.05 m2 of map
bigoffice_hc,mid3,scoring,pr2830+M4.3,4.000,5,3,2,0,1,1,0,0,0,25.429,11.830,2.774,37.846,23.839,28.805,89.949,76.875,85.465,3,1,429.837,12460.590,False,harness: 6 decisions in a row with < 0.1 m of motion and < 0.05 m2 of map
bigoffice_hc,mid3,scoring,stock,4.000,9,6,3,0,1,1,1,0,0,46.550,11.830,3.921,56.228,14.980,27.339,89.879,76.815,85.465,0,0,550.936,12328.131,False,harness: 6 decisions in a row with < 0.1 m of motion and < 0.05 m2 of map
bigoffice_hc,mid3,scoring,stock+M4.3,4.000,5,3,2,0,1,1,0,0,0,25.429,11.830,2.774,37.846,23.839,28.805,89.949,76.875,85.465,3,1,429.837,12522.304,False,harness: 6 decisions in a row with < 0.1 m of motion and < 0.05 m2 of map
bigoffice_hc,mid3,scoring,stock+T30,4.000,5,3,2,0,1,1,0,0,0,25.429,11.830,2.774,37.846,23.839,28.805,89.949,76.875,85.465,3,1,429.837,12678.911,False,harness: 6 decisions in a row with < 0.1 m of motion and < 0.05 m2 of map
bigoffice_hc,mid3,shipped,pr2830,4.000,8,0,0,8,8,0,0,0,0,23.504,11.830,3.711,12.483,,,27.497,23.500,85.465,1,0,123.357,12706.359,False,explorer stopped itself: no information gain
bigoffice_hc,mid3,shipped,pr2830+M4.3,4.000,8,0,0,8,8,0,0,0,0,23.504,11.830,3.711,12.483,,,27.497,23.500,85.465,1,0,123.357,12806.398,False,explorer stopped itself: no information gain
bigoffice_hc,mid3,shipped,stock,4.000,11,0,0,11,11,0,0,0,0,25.590,11.830,3.904,19.674,11.758,,70.748,60.465,85.465,0,0,168.063,12583.571,False,explorer stopped itself: no information gain
bigoffice_hc,mid3,shipped,stock+M4.3,4.000,8,0,0,8,8,0,0,0,0,20.973,11.830,3.534,12.939,,,27.900,23.845,85.465,2,1,122.683,12870.665,False,explorer stopped itself: no information gain
bigoffice_hc,mid3,shipped,stock+T30,4.000,7,0,0,7,7,0,0,0,0,8.779,11.830,2.992,10.702,,,27.713,23.685,85.465,0,0,106.739,12949.197,False,explorer stopped itself: no information gain
bigoffice_hc,mid4,scoring,pr2830,4.000,14,5,9,0,8,5,4,3,1,127.032,11.830,3.971,141.479,5.345,53.881,90.830,77.628,85.465,1,0,1273.630,11815.110,False,harness: 6 decisions in a row with < 0.1 m of motion and < 0.05 m2 of map
bigoffice_hc,mid4,scoring,pr2830+M4.3,4.000,10,7,3,0,1,2,1,1,0,56.626,11.830,3.243,50.991,5.345,20.963,90.382,77.245,85.465,5,2,553.932,11858.806,False,harness: 6 decisions in a row with < 0.1 m of motion and < 0.05 m2 of map
bigoffice_hc,mid4,scoring,stock,4.000,14,8,6,0,3,1,0,0,0,66.158,11.830,3.621,56.853,8.027,29.707,92.275,78.863,85.465,5,2,571.670,11704.017,False,harness: 6 decisions in a row with < 0.1 m of motion and < 0.05 m2 of map
bigoffice_hc,mid4,scoring,stock+M4.3,4.000,13,8,5,0,3,2,1,1,0,61.452,11.830,3.847,56.853,8.027,29.707,92.275,78.863,85.465,5,2,570.670,11778.284,False,harness: 6 decisions in a row with < 0.1 m of motion and < 0.05 m2 of map
bigoffice_hc,mid4,scoring,stock+T30,4.000,10,5,5,0,4,2,1,1,0,60.533,11.830,3.400,50.865,10.139,45.759,91.134,77.888,85.465,1,0,516.131,11992.512,False,harness: 6 decisions in a row with < 0.1 m of motion and < 0.05 m2 of map
bigoffice_hc,mid4,shipped,pr2830,4.000,7,0,0,7,7,0,0,0,0,34.792,11.830,3.395,9.199,5.338,,51.691,44.178,85.465,0,0,105.776,12334.665,False,explorer stopped itself: no information gain
bigoffice_hc,mid4,shipped,pr2830+M4.3,4.000,8,0,0,8,8,0,0,0,0,32.939,11.830,3.169,13.204,4.821,,54.680,46.733,85.465,0,0,121.267,12255.606,False,explorer stopped itself: no information gain
bigoffice_hc,mid4,shipped,stock,4.000,9,0,0,9,9,0,0,0,0,36.291,11.830,4.542,14.867,9.924,,56.520,48.305,85.465,0,0,137.107,12428.431,False,explorer stopped itself: no information gain
bigoffice_hc,mid4,shipped,stock+M4.3,4.000,7,0,0,7,7,0,0,0,0,32.975,11.830,4.823,9.581,7.108,,51.021,43.605,85.465,0,0,105.762,12618.813,False,explorer stopped itself: no information gain
bigoffice_hc,mid4,shipped,stock+T30,4.000,7,0,1,6,7,0,0,0,0,15.004,11.830,3.139,10.353,7.173,,56.023,47.880,85.465,0,0,94.845,12593.584,False,explorer stopped itself: no information gain
bigoffice_hc,mid5,scoring,pr2830,4.000,11,3,8,0,8,4,3,2,1,95.266,11.830,5.429,86.147,5.087,36.137,90.420,77.278,85.465,2,1,798.295,11787.834,False,harness: 6 decisions in a row with < 0.1 m of motion and < 0.05 m2 of map
bigoffice_hc,mid5,scoring,pr2830+M4.3,4.000,14,8,6,0,4,3,2,2,0,78.507,11.830,3.983,56.491,5.087,36.417,90.739,77.550,85.465,4,2,556.375,11836.838,False,harness: 6 decisions in a row with < 0.1 m of motion and < 0.05 m2 of map
bigoffice_hc,mid5,scoring,stock,4.000,12,3,9,0,9,6,4,5,3,122.725,11.830,7.720,86.147,5.087,36.137,90.420,77.278,85.465,2,1,799.295,11575.879,False,harness: 6 decisions in a row with < 0.1 m of motion and < 0.05 m2 of map
bigoffice_hc,mid5,scoring,stock+M4.3,4.000,15,8,7,0,6,3,3,2,2,100.518,11.830,4.242,67.170,5.087,40.469,92.570,79.115,85.465,4,2,731.298,11626.503,False,harness: 6 decisions in a row with < 0.1 m of motion and < 0.05 m2 of map
bigoffice_hc,mid5,scoring,stock+T30,4.000,14,9,5,0,3,1,1,0,0,62.594,11.830,3.821,47.735,8.136,39.982,92.883,79.383,85.465,3,1,546.750,11619.141,False,harness: 6 decisions in a row with < 0.1 m of motion and < 0.05 m2 of map
bigoffice_hc,mid5,shipped,pr2830,4.000,7,0,0,7,7,0,0,0,0,27.324,11.830,4.212,10.954,,,45.876,39.208,85.465,0,0,107.924,11932.702,False,explorer stopped itself: no information gain
bigoffice_hc,mid5,shipped,pr2830+M4.3,4.000,7,0,0,7,7,0,0,0,0,27.324,11.830,4.212,10.954,,,45.876,39.208,85.465,0,0,107.924,11983.382,False,explorer stopped itself: no information gain
bigoffice_hc,mid5,shipped,stock,4.000,7,0,0,7,7,0,0,0,0,24.317,11.830,3.918,12.280,6.749,,56.207,48.038,85.465,0,0,106.550,11918.521,False,explorer stopped itself: no information gain
bigoffice_hc,mid5,shipped,stock+M4.3,4.000,7,0,0,7,7,0,0,0,0,20.622,11.830,3.918,12.280,6.749,,56.207,48.038,85.465,0,0,106.550,12097.279,False,explorer stopped itself: no information gain
bigoffice_hc,mid5,shipped,stock+T30,4.000,15,0,4,11,15,0,0,0,0,21.084,11.830,2.954,19.838,13.385,,60.104,51.368,85.465,0,0,188.845,12028.473,False,explorer stopped itself: no information gain
go2_short,centre,scoring,pr2830,4.000,10,3,7,0,7,2,1,1,0,40.873,7.843,3.920,36.390,19.221,,56.810,48.208,84.858,1,0,347.678,4028.619,False,harness: 6 decisions in a row with < 0.1 m of motion and < 0.05 m2 of map
go2_short,centre,scoring,pr2830+M4.3,4.000,10,3,7,0,7,2,1,1,0,40.750,7.843,3.920,36.390,19.221,,56.810,48.208,84.858,1,0,347.678,4359.287,False,harness: 6 decisions in a row with < 0.1 m of motion and < 0.05 m2 of map
go2_short,centre,scoring,stock,4.000,10,3,7,0,6,2,2,0,0,47.574,7.843,3.966,17.287,15.538,,55.891,47.428,84.858,1,1,203.812,3803.435,False,harness: 6 decisions in a row with < 0.1 m of motion and < 0.05 m2 of map
go2_short,centre,scoring,stock+M4.3,4.000,10,3,7,0,6,3,1,2,0,54.891,7.843,3.966,17.287,15.538,,55.891,47.428,84.858,1,1,203.812,3778.816,False,harness: 6 decisions in a row with < 0.1 m of motion and < 0.05 m2 of map
go2_short,centre,scoring,stock+T30,4.000,9,2,7,0,7,2,1,1,0,41.239,7.843,4.969,38.537,18.833,,54.963,46.640,84.858,0,0,359.174,3838.327,False,harness: 6 decisions in a row with < 0.1 m of motion and < 0.05 m2 of map
go2_short,centre,shipped,pr2830,4.000,13,0,2,11,13,1,0,0,0,44.140,7.843,3.748,18.170,15.416,,56.235,47.720,84.858,0,0,187.969,4029.266,False,explorer stopped itself: no information gain
go2_short,centre,shipped,pr2830+M4.3,4.000,13,0,2,11,13,1,0,0,0,43.339,7.843,3.748,18.170,15.416,,56.235,47.720,84.858,0,0,187.969,4083.649,False,explorer stopped itself: no information gain
go2_short,centre,shipped,stock,4.000,7,0,0,7,7,4,0,3,0,44.501,7.843,5.187,9.314,,,27.352,23.210,84.858,0,0,106.679,3892.510,False,explorer stopped itself: no information gain
go2_short,centre,shipped,stock+M4.3,4.000,7,0,0,7,7,1,0,0,0,28.590,7.843,5.178,10.647,,,32.493,27.573,84.858,0,0,106.574,3984.429,False,explorer stopped itself: no information gain
go2_short,centre,shipped,stock+T30,4.000,7,0,3,4,7,0,0,0,0,10.527,7.843,3.133,7.788,,,35.377,30.020,84.858,0,0,77.991,3927.339,False,explorer stopped itself: no information gain
go2_short,mid1,scoring,pr2830,4.000,8,2,6,0,6,0,0,0,0,25.751,7.843,8.189,25.242,,,37.536,31.853,84.858,2,1,240.453,4381.753,False,harness: 6 decisions in a row with < 0.1 m of motion and < 0.05 m2 of map
go2_short,mid1,scoring,pr2830+M4.3,4.000,9,2,7,0,7,3,1,2,0,48.586,7.843,3.721,16.361,,,37.321,31.670,84.858,0,0,167.818,4506.316,False,harness: 6 decisions in a row with < 0.1 m of motion and < 0.05 m2 of map
go2_short,mid1,scoring,stock,4.000,7,2,5,0,5,2,1,0,0,35.998,7.843,4.070,16.112,,,36.844,31.265,84.858,0,0,171.633,4162.411,False,harness: 6 decisions in a row with < 0.1 m of motion and < 0.05 m2 of map
go2_short,mid1,scoring,stock+M4.3,4.000,10,2,8,0,8,1,0,0,0,32.580,7.843,3.978,16.104,,,36.844,31.265,84.858,0,0,174.046,4218.876,False,harness: 6 decisions in a row with < 0.1 m of motion and < 0.05 m2 of map
go2_short,mid1,scoring,stock+T30,4.000,7,0,7,0,7,1,1,0,0,33.012,7.843,3.637,14.037,,,37.407,31.743,84.858,0,0,160.012,4198.534,False,harness: 6 decisions in a row with < 0.1 m of motion and < 0.05 m2 of map
go2_short,mid1,shipped,pr2830,4.000,9,0,0,9,9,1,1,0,0,33.449,7.843,3.681,14.047,,,36.959,31.363,84.858,0,0,137.036,3863.425,False,explorer stopped itself: no information gain
go2_short,mid1,shipped,pr2830+M4.3,4.000,9,0,0,9,9,1,1,0,0,28.566,7.843,3.951,14.047,,,36.959,31.363,84.858,0,0,137.036,3912.009,False,explorer stopped itself: no information gain
go2_short,mid1,shipped,stock,4.000,9,0,0,9,9,1,1,0,0,27.692,7.843,3.990,14.047,,,36.959,31.363,84.858,0,0,137.036,3852.428,False,explorer stopped itself: no information gain
go2_short,mid1,shipped,stock+M4.3,4.000,9,0,0,9,9,1,1,0,0,22.453,7.843,3.990,14.047,,,36.959,31.363,84.858,0,0,137.036,3887.665,False,explorer stopped itself: no information gain
go2_short,mid1,shipped,stock+T30,4.000,11,0,4,7,11,1,0,0,0,23.603,7.843,2.795,14.496,,,38.344,32.538,84.858,2,1,148.069,3969.255,False,explorer stopped itself: no information gain
go2_short,mid2,scoring,pr2830,4.000,8,1,7,0,7,2,1,1,0,43.979,7.843,3.752,9.980,,,39.549,33.560,84.858,0,0,110.691,4430.111,False,harness: 6 decisions in a row with < 0.1 m of motion and < 0.05 m2 of map
go2_short,mid2,scoring,pr2830+M4.3,4.000,9,2,7,0,7,0,0,0,0,32.704,7.843,3.810,9.525,,,38.114,32.343,84.858,0,0,111.401,4653.524,False,harness: 6 decisions in a row with < 0.1 m of motion and < 0.05 m2 of map
go2_short,mid2,scoring,stock,4.000,8,1,7,0,7,2,1,1,0,51.133,7.843,3.752,9.980,,,39.549,33.560,84.858,0,0,110.691,4141.811,False,harness: 6 decisions in a row with < 0.1 m of motion and < 0.05 m2 of map
go2_short,mid2,scoring,stock+M4.3,4.000,9,2,7,0,7,0,0,0,0,32.704,7.843,3.810,9.525,,,38.114,32.343,84.858,0,0,111.401,4216.020,False,harness: 6 decisions in a row with < 0.1 m of motion and < 0.05 m2 of map
go2_short,mid2,scoring,stock+T30,4.000,7,0,7,0,7,5,3,4,0,60.058,7.843,4.198,9.570,,,38.456,32.633,84.858,0,0,99.238,4387.218,False,harness: 6 decisions in a row with < 0.1 m of motion and < 0.05 m2 of map
go2_short,mid2,shipped,pr2830,4.000,9,0,3,6,9,1,1,0,0,40.706,7.843,3.827,10.020,,,39.230,33.290,84.858,2,1,106.258,4617.188,False,explorer stopped itself: no information gain
go2_short,mid2,shipped,pr2830+M4.3,4.000,9,0,3,6,9,1,0,0,0,35.064,7.843,3.787,9.953,,,38.898,33.008,84.858,2,1,101.962,4463.701,False,explorer stopped itself: no information gain
go2_short,mid2,shipped,stock,4.000,9,0,3,6,9,1,0,0,0,19.566,7.843,4.247,10.019,,,39.207,33.270,84.858,2,1,106.216,4216.066,False,explorer stopped itself: no information gain
go2_short,mid2,shipped,stock+M4.3,4.000,9,0,3,6,9,1,0,0,0,31.444,7.843,3.787,9.953,,,38.898,33.008,84.858,2,1,101.962,4285.581,False,explorer stopped itself: no information gain
go2_short,mid2,shipped,stock+T30,4.000,9,0,3,6,9,1,0,0,0,15.030,7.843,2.565,10.050,,,38.909,33.018,84.858,2,1,104.686,4289.095,False,explorer stopped itself: no information gain
go2_short,mid3,scoring,pr2830,4.000,11,3,8,0,8,2,1,1,0,52.828,7.843,2.972,21.350,21.058,,53.001,44.975,84.858,0,1,227.675,4244.232,False,harness: 6 decisions in a row with < 0.1 m of motion and < 0.05 m2 of map
go2_short,mid3,scoring,pr2830+M4.3,4.000,11,3,8,0,8,2,1,0,0,45.172,7.843,3.868,21.350,21.058,,53.001,44.975,84.858,0,1,227.675,4437.161,False,harness: 6 decisions in a row with < 0.1 m of motion and < 0.05 m2 of map
go2_short,mid3,scoring,stock,4.000,10,3,7,0,7,2,2,0,0,43.200,7.843,4.923,31.137,20.269,,55.826,47.373,84.858,0,0,297.644,4151.273,False,harness: 6 decisions in a row with < 0.1 m of motion and < 0.05 m2 of map
go2_short,mid3,scoring,stock+M4.3,4.000,11,3,8,0,8,3,2,1,0,55.879,7.843,3.868,21.350,21.058,,53.001,44.975,84.858,0,1,229.675,4268.413,False,harness: 6 decisions in a row with < 0.1 m of motion and < 0.05 m2 of map
go2_short,mid3,scoring,stock+T30,4.000,12,4,8,0,7,0,0,0,0,38.880,7.843,3.605,19.538,18.382,,54.586,46.320,84.858,9,5,210.543,4093.185,False,harness: 6 decisions in a row with < 0.1 m of motion and < 0.05 m2 of map
go2_short,mid3,shipped,pr2830,4.000,13,0,3,10,13,0,0,0,0,40.203,7.843,3.526,16.100,14.921,,54.052,45.868,84.858,1,0,168.485,4387.164,False,explorer stopped itself: no information gain
go2_short,mid3,shipped,pr2830+M4.3,4.000,13,0,3,10,13,0,0,0,0,43.221,7.843,3.526,16.100,14.921,,54.052,45.868,84.858,1,0,168.485,4424.314,False,explorer stopped itself: no information gain
go2_short,mid3,shipped,stock,4.000,7,0,1,6,7,1,1,0,0,22.169,7.843,3.818,10.407,,,42.403,35.983,84.858,0,0,96.148,4255.724,False,explorer stopped itself: no information gain
go2_short,mid3,shipped,stock+M4.3,4.000,7,0,2,5,7,0,0,0,0,13.711,7.843,3.458,9.266,,,42.948,36.445,84.858,0,0,84.218,4316.441,False,explorer stopped itself: no information gain
go2_short,mid3,shipped,stock+T30,4.000,7,0,0,7,7,0,0,0,0,11.119,7.843,3.082,9.807,,,28.692,24.348,84.858,0,0,110.284,4322.284,False,explorer stopped itself: no information gain
go2_short,mid4,scoring,pr2830,4.000,9,2,7,0,6,1,1,0,0,36.581,7.843,5.494,15.681,11.094,,54.975,46.650,84.858,0,0,185.099,4155.387,False,harness: 6 decisions in a row with < 0.1 m of motion and < 0.05 m2 of map
go2_short,mid4,scoring,pr2830+M4.3,4.000,10,2,8,0,7,2,1,1,0,45.500,7.843,4.873,15.681,11.094,,54.975,46.650,84.858,0,0,186.099,4368.580,False,harness: 6 decisions in a row with < 0.1 m of motion and < 0.05 m2 of map
go2_short,mid4,scoring,stock,4.000,9,2,7,0,6,3,2,2,0,50.146,7.843,5.494,15.681,11.094,,54.975,46.650,84.858,0,0,185.099,4020.224,False,harness: 6 decisions in a row with < 0.1 m of motion and < 0.05 m2 of map
go2_short,mid4,scoring,stock+M4.3,4.000,10,2,8,0,7,2,2,1,1,45.629,7.843,4.873,15.681,11.094,,54.975,46.650,84.858,0,0,186.099,4106.514,False,harness: 6 decisions in a row with < 0.1 m of motion and < 0.05 m2 of map
go2_short,mid4,scoring,stock+T30,4.000,8,0,8,0,8,3,2,2,0,41.679,7.843,6.212,15.884,10.690,,55.496,47.093,84.858,0,0,174.022,4114.769,False,harness: 6 decisions in a row with < 0.1 m of motion and < 0.05 m2 of map
go2_short,mid4,shipped,pr2830,4.000,10,0,1,9,10,0,0,0,0,25.530,7.843,3.551,15.086,10.451,,55.419,47.028,84.858,0,0,151.390,4241.105,False,explorer stopped itself: no information gain
go2_short,mid4,shipped,pr2830+M4.3,4.000,10,0,1,9,10,0,0,0,0,28.675,7.843,3.511,15.086,10.451,,55.419,47.028,84.858,0,0,151.390,4499.056,False,explorer stopped itself: no information gain
go2_short,mid4,shipped,stock,4.000,11,0,1,10,11,3,1,1,0,54.317,7.843,4.247,15.539,12.966,,57.087,48.443,84.858,2,1,166.244,4125.468,False,explorer stopped itself: no information gain
go2_short,mid4,shipped,stock+M4.3,4.000,11,0,1,10,11,1,0,0,0,35.070,7.843,3.523,16.101,12.966,,57.066,48.425,84.858,2,1,169.990,4406.581,False,explorer stopped itself: no information gain
go2_short,mid4,shipped,stock+T30,4.000,8,0,2,6,8,0,0,0,0,16.316,7.843,2.639,10.709,,,45.108,38.278,84.858,0,0,118.232,4233.882,False,explorer stopped itself: no information gain
go2_short,mid5,scoring,pr2830,4.000,10,2,8,0,8,2,1,1,0,51.213,7.843,3.891,13.625,,,37.863,32.130,84.858,0,0,145.188,4164.750,False,harness: 6 decisions in a row with < 0.1 m of motion and < 0.05 m2 of map
go2_short,mid5,scoring,pr2830+M4.3,4.000,10,3,7,0,6,3,2,2,0,55.766,7.843,3.971,14.450,,,39.634,33.633,84.858,2,1,151.520,4197.281,False,harness: 6 decisions in a row with < 0.1 m of motion and < 0.05 m2 of map
go2_short,mid5,scoring,stock,4.000,9,2,7,0,7,1,1,0,0,38.483,7.843,3.891,13.625,,,37.863,32.130,84.858,0,0,144.188,4087.416,False,harness: 6 decisions in a row with < 0.1 m of motion and < 0.05 m2 of map
go2_short,mid5,scoring,stock+M4.3,4.000,10,3,7,0,6,1,1,0,0,41.605,7.843,3.971,14.450,,,39.634,33.633,84.858,2,1,151.520,4231.919,False,harness: 6 decisions in a row with < 0.1 m of motion and < 0.05 m2 of map
go2_short,mid5,scoring,stock+T30,4.000,10,2,8,0,7,0,0,0,0,40.501,7.843,5.158,21.428,,,37.654,31.953,84.858,0,0,213.409,4192.027,False,harness: 6 decisions in a row with < 0.1 m of motion and < 0.05 m2 of map
go2_short,mid5,shipped,pr2830,4.000,9,0,2,7,9,0,0,0,0,34.996,7.843,3.811,11.427,,,36.438,30.920,84.858,0,0,124.721,4337.435,False,explorer stopped itself: no information gain
go2_short,mid5,shipped,pr2830+M4.3,4.000,9,0,2,7,9,0,0,0,0,30.045,7.843,3.672,11.243,,,36.399,30.888,84.858,0,0,125.082,4186.405,False,explorer stopped itself: no information gain
go2_short,mid5,shipped,stock,4.000,7,0,0,7,7,0,0,0,0,17.594,7.843,4.200,11.790,,,32.375,27.473,84.858,0,0,108.225,4296.384,False,explorer stopped itself: no information gain
go2_short,mid5,shipped,stock+M4.3,4.000,7,0,0,7,7,0,0,0,0,13.255,7.843,4.200,11.501,,,32.381,27.478,84.858,0,0,108.125,4190.692,False,explorer stopped itself: no information gain
go2_short,mid5,shipped,stock+T30,4.000,8,0,1,7,8,0,0,0,0,15.520,7.843,3.405,12.054,,,36.871,31.288,84.858,2,1,121.086,4401.416,False,explorer stopped itself: no information gain
hk_allaround,centre,shipped,pr2830,4.000,6,0,6,0,6,0,0,0,0,9.572,35.135,2.553,0.000,,,1.781,15.315,859.838,0,0,6.000,39202.268,False,harness: 6 decisions in a row with < 0.1 m of motion and < 0.05 m2 of map
hk_allaround,centre,shipped,pr2830+M4.3,4.000,6,0,6,0,6,0,0,0,0,13.603,35.135,2.553,0.000,,,1.781,15.315,859.838,0,0,6.000,39663.442,False,harness: 6 decisions in a row with < 0.1 m of motion and < 0.05 m2 of map
hk_allaround,centre,shipped,stock,4.000,6,0,6,0,6,0,0,0,0,2.994,35.135,3.134,0.000,,,1.781,15.315,859.838,0,0,6.000,39442.134,False,harness: 6 decisions in a row with < 0.1 m of motion and < 0.05 m2 of map
hk_allaround,centre,shipped,stock+M4.3,4.000,6,0,6,0,6,0,0,0,0,2.994,35.135,3.202,0.000,,,1.781,15.315,859.838,0,0,6.000,40559.273,False,harness: 6 decisions in a row with < 0.1 m of motion and < 0.05 m2 of map
hk_allaround,centre,shipped,stock+T30,4.000,6,0,6,0,6,0,0,0,0,0.000,35.135,1.973,0.000,,,1.781,15.315,859.838,0,0,6.000,39800.531,False,harness: 6 decisions in a row with < 0.1 m of motion and < 0.05 m2 of map
hk_allaround,mid1,shipped,pr2830,4.000,7,0,0,7,7,0,0,0,0,23.855,35.135,3.946,9.105,,,5.420,46.603,859.838,0,0,106.169,39501.505,False,explorer stopped itself: no information gain
hk_allaround,mid1,shipped,pr2830+M4.3,4.000,15,0,0,15,15,0,0,0,0,31.305,35.135,3.828,30.789,,,18.169,156.228,859.838,0,0,229.930,37023.141,True,wall_cap: 600 s of real time
hk_allaround,mid1,shipped,stock,4.000,15,0,0,15,15,0,0,0,0,40.724,35.135,3.857,29.255,,,19.001,163.375,859.838,0,0,228.259,36575.217,True,wall_cap: 600 s of real time
hk_allaround,mid1,shipped,stock+M4.3,4.000,15,0,0,15,15,0,0,0,0,30.174,35.135,3.826,31.342,,,21.134,181.720,859.838,0,0,230.285,36847.239,True,wall_cap: 600 s of real time
hk_allaround,mid1,shipped,stock+T30,4.000,15,1,1,13,11,0,0,0,0,26.516,35.135,3.797,27.843,,,16.229,139.545,859.838,0,0,221.576,37003.996,True,wall_cap: 600 s of real time
hk_allaround,mid2,shipped,pr2830,4.000,15,0,0,15,15,0,0,0,0,27.827,35.135,3.890,30.101,,,17.659,151.838,859.838,0,0,227.040,36725.816,True,wall_cap: 600 s of real time
hk_allaround,mid2,shipped,pr2830+M4.3,4.000,15,0,0,15,15,0,0,0,0,27.827,35.135,3.890,30.101,,,17.659,151.838,859.838,0,0,227.040,37648.586,True,wall_cap: 600 s of real time
hk_allaround,mid2,shipped,stock,4.000,15,0,0,15,15,0,0,0,0,38.061,35.135,3.851,26.045,,,15.199,130.688,859.838,0,0,230.549,36827.583,True,wall_cap: 600 s of real time
hk_allaround,mid2,shipped,stock+M4.3,4.000,15,0,0,15,15,0,0,0,0,27.785,35.135,3.775,27.158,,,18.023,154.965,859.838,0,0,227.405,37779.522,True,wall_cap: 600 s of real time
hk_allaround,mid2,shipped,stock+T30,4.000,15,0,1,14,15,0,0,0,0,28.443,35.135,3.784,27.559,,,14.903,128.145,859.838,0,0,219.467,36920.504,True,wall_cap: 600 s of real time
hk_allaround,mid3,shipped,pr2830,4.000,9,0,0,9,9,0,0,0,0,23.883,35.135,3.522,16.763,,,15.079,129.655,859.838,0,0,136.179,38315.604,False,explorer stopped itself: no information gain
hk_allaround,mid3,shipped,pr2830+M4.3,4.000,9,0,0,9,9,0,0,0,0,23.883,35.135,3.522,16.763,,,15.079,129.655,859.838,0,0,136.179,38579.886,False,explorer stopped itself: no information gain
hk_allaround,mid3,shipped,stock,4.000,11,0,0,11,11,0,0,0,0,34.373,35.135,3.623,19.237,,,15.004,129.013,859.838,0,0,167.018,37396.610,False,explorer stopped itself: no information gain
hk_allaround,mid3,shipped,stock+M4.3,4.000,9,0,0,9,9,0,0,0,0,23.883,35.135,3.522,16.763,,,15.079,129.655,859.838,0,0,136.179,37951.601,False,explorer stopped itself: no information gain
hk_allaround,mid3,shipped,stock+T30,4.000,15,0,2,13,15,0,0,0,0,29.678,35.135,3.852,24.571,,,18.333,157.638,859.838,0,0,208.857,37405.281,True,wall_cap: 600 s of real time
hk_allaround,mid4,shipped,pr2830,4.000,15,0,0,15,15,0,0,0,0,31.195,35.135,3.681,26.828,,,20.900,179.710,859.838,0,0,228.427,37468.728,True,wall_cap: 600 s of real time
hk_allaround,mid4,shipped,pr2830+M4.3,4.000,15,0,0,15,15,0,0,0,0,31.195,35.135,3.681,26.828,,,20.900,179.710,859.838,0,0,228.427,37713.489,True,wall_cap: 600 s of real time
hk_allaround,mid4,shipped,stock,4.000,12,0,1,11,12,0,0,0,0,44.423,35.135,3.654,16.037,,,11.577,99.543,859.838,1,0,171.146,37909.469,False,explorer stopped itself: no information gain
hk_allaround,mid4,shipped,stock+M4.3,4.000,15,0,0,15,15,0,0,0,0,28.856,35.135,3.569,27.696,,,21.663,186.265,859.838,0,0,230.171,37469.140,True,wall_cap: 600 s of real time
hk_allaround,mid4,shipped,stock+T30,4.000,15,0,1,14,15,0,0,0,0,29.783,35.135,3.847,24.274,,,13.931,119.780,859.838,1,0,218.868,37602.973,True,wall_cap: 600 s of real time
hk_allaround,mid5,shipped,pr2830,4.000,15,0,0,15,15,0,0,0,0,44.649,35.135,3.904,28.336,,,14.929,128.368,859.838,0,0,228.256,37128.472,True,wall_cap: 600 s of real time
hk_allaround,mid5,shipped,pr2830+M4.3,4.000,15,0,0,15,15,0,0,0,0,29.018,35.135,3.893,28.307,,,16.908,145.380,859.838,0,0,228.499,37789.458,True,wall_cap: 600 s of real time
hk_allaround,mid5,shipped,stock,4.000,15,0,0,15,15,0,0,0,0,47.361,35.135,3.874,28.814,,,15.518,133.430,859.838,0,0,229.268,37182.297,True,wall_cap: 600 s of real time
hk_allaround,mid5,shipped,stock+M4.3,4.000,15,0,1,14,15,0,0,0,0,26.925,35.135,3.880,28.908,,,18.444,158.590,859.838,0,0,217.646,37327.506,True,wall_cap: 600 s of real time
hk_allaround,mid5,shipped,stock+T30,4.000,15,0,1,14,15,0,0,0,0,27.384,35.135,3.828,27.353,,,14.966,128.680,859.838,0,0,225.241,37490.759,True,wall_cap: 600 s of real time
hk_elevator,centre,scoring,pr2830,4.000,10,10,0,0,0,0,0,0,0,45.645,15.025,3.958,72.777,17.635,63.210,97.262,201.620,207.295,1,0,676.854,17824.686,False,harness: 6 decisions in a row with < 0.1 m of motion and < 0.05 m2 of map
hk_elevator,centre,scoring,pr2830+M4.3,4.000,10,10,0,0,0,0,0,0,0,45.645,15.025,3.958,72.777,17.635,63.210,97.262,201.620,207.295,1,0,676.854,17877.631,False,harness: 6 decisions in a row with < 0.1 m of motion and < 0.05 m2 of map
hk_elevator,centre,scoring,stock,4.000,11,11,0,0,0,1,1,0,0,54.639,15.025,3.884,84.655,25.782,64.961,98.705,204.610,207.295,0,0,749.960,17432.837,False,harness: 6 decisions in a row with < 0.1 m of motion and < 0.05 m2 of map
hk_elevator,centre,scoring,stock+M4.3,4.000,11,11,0,0,0,0,0,0,0,46.568,15.025,3.904,72.845,12.772,61.234,98.158,203.478,207.295,0,0,659.971,17665.663,False,harness: 6 decisions in a row with < 0.1 m of motion and < 0.05 m2 of map
hk_elevator,centre,scoring,stock+T30,4.000,11,6,5,0,1,2,2,1,1,77.652,15.025,4.220,56.650,15.992,,58.510,121.288,207.295,12,6,520.492,18030.472,False,harness: 6 decisions in a row with < 0.1 m of motion and < 0.05 m2 of map
hk_elevator,centre,shipped,pr2830,4.000,9,0,1,8,9,0,0,0,0,32.745,15.025,3.780,14.554,12.478,,50.668,105.033,207.295,0,0,123.642,18469.226,False,explorer stopped itself: no information gain
hk_elevator,centre,shipped,pr2830+M4.3,4.000,9,0,0,9,9,0,0,0,0,18.829,15.025,3.458,16.750,12.478,,51.626,107.017,207.295,0,0,139.074,18738.382,False,explorer stopped itself: no information gain
hk_elevator,centre,shipped,stock,4.000,11,0,1,10,11,0,0,0,0,43.107,15.025,3.784,18.456,12.963,,52.975,109.815,207.295,0,0,153.972,18111.542,False,explorer stopped itself: no information gain
hk_elevator,centre,shipped,stock+M4.3,4.000,8,0,0,8,8,0,0,0,0,15.547,15.025,3.647,15.590,14.023,,50.404,104.485,207.295,0,0,121.406,18623.385,False,explorer stopped itself: no information gain
hk_elevator,centre,shipped,stock+T30,4.000,8,0,1,7,8,0,0,0,0,13.766,15.025,3.114,12.268,,,41.647,86.333,207.295,0,0,125.274,18623.149,False,explorer stopped itself: no information gain
hk_elevator,mid1,scoring,pr2830,4.000,11,10,1,0,1,1,1,0,0,75.977,15.025,3.878,105.580,16.453,32.305,97.358,201.818,207.295,0,0,876.487,17582.901,False,harness: 6 decisions in a row with < 0.1 m of motion and < 0.05 m2 of map
hk_elevator,mid1,scoring,pr2830+M4.3,4.000,12,10,2,0,1,1,1,0,0,81.183,15.025,3.808,109.145,16.453,32.305,97.834,202.805,207.295,0,0,901.599,17587.057,False,harness: 6 decisions in a row with < 0.1 m of motion and < 0.05 m2 of map
hk_elevator,mid1,scoring,stock,4.000,11,11,0,0,0,1,1,0,0,79.066,15.025,4.145,109.150,18.339,33.365,97.647,202.418,207.295,2,1,911.882,17313.917,False,harness: 6 decisions in a row with < 0.1 m of motion and < 0.05 m2 of map
hk_elevator,mid1,scoring,stock+M4.3,4.000,12,11,1,0,0,0,0,0,0,52.766,15.025,3.815,82.270,16.453,28.023,97.651,202.425,207.295,2,1,729.494,17456.385,False,harness: 6 decisions in a row with < 0.1 m of motion and < 0.05 m2 of map
hk_elevator,mid1,scoring,stock+T30,4.000,16,11,5,0,2,2,2,1,1,87.803,15.025,3.800,90.230,18.511,31.767,97.695,202.518,207.295,0,0,822.834,17135.702,False,harness: 6 decisions in a row with < 0.1 m of motion and < 0.05 m2 of map
hk_elevator,mid1,shipped,pr2830,4.000,7,0,0,7,7,0,0,0,0,20.848,15.025,3.822,12.591,,,37.380,77.488,207.295,0,0,106.903,18196.605,False,explorer stopped itself: no information gain
hk_elevator,mid1,shipped,pr2830+M4.3,4.000,11,0,1,10,11,0,0,0,0,25.599,15.025,3.843,19.992,11.979,,61.034,126.520,207.295,0,0,163.751,18306.909,False,explorer stopped itself: no information gain
hk_elevator,mid1,shipped,stock,4.000,12,0,0,12,12,0,0,0,0,47.876,15.025,3.931,19.825,15.979,,54.303,112.567,207.295,0,0,182.123,18047.932,False,explorer stopped itself: no information gain
hk_elevator,mid1,shipped,stock+M4.3,4.000,13,0,0,13,13,0,0,0,0,28.468,15.025,3.756,25.366,11.979,,78.786,163.320,207.295,0,0,198.359,17868.035,False,explorer stopped itself: no information gain
hk_elevator,mid1,shipped,stock+T30,4.000,8,0,1,7,8,0,0,0,0,13.568,15.025,2.954,11.501,,,25.036,51.898,207.295,0,0,110.303,19179.639,False,explorer stopped itself: no information gain
hk_elevator,mid2,scoring,pr2830,4.000,11,11,0,0,0,0,0,0,0,43.869,15.025,3.880,62.967,34.256,49.363,97.210,201.513,207.295,0,0,566.579,16560.534,False,harness: 6 decisions in a row with < 0.1 m of motion and < 0.05 m2 of map
hk_elevator,mid2,scoring,pr2830+M4.3,4.000,13,11,2,0,2,0,0,0,0,52.496,15.025,3.870,76.166,34.256,47.120,97.978,203.103,207.295,0,0,680.395,16569.167,False,harness: 6 decisions in a row with < 0.1 m of motion and < 0.05 m2 of map
hk_elevator,mid2,scoring,stock,4.000,12,12,0,0,0,1,1,0,0,84.992,15.025,4.095,104.689,23.803,49.343,98.016,203.183,207.295,2,1,890.388,16820.380,False,harness: 6 decisions in a row with < 0.1 m of motion and < 0.05 m2 of map
hk_elevator,mid2,scoring,stock+M4.3,4.000,13,11,2,0,2,0,0,0,0,55.700,15.025,3.828,79.428,33.468,46.503,98.283,203.735,207.295,0,0,715.611,16694.622,False,harness: 6 decisions in a row with < 0.1 m of motion and < 0.05 m2 of map
hk_elevator,mid2,scoring,stock+T30,4.000,17,12,5,0,5,0,0,0,0,58.003,15.025,3.870,78.374,32.965,48.769,97.832,202.800,207.295,0,0,700.500,16337.967,False,harness: 6 decisions in a row with < 0.1 m of motion and < 0.05 m2 of map
hk_elevator,mid2,shipped,pr2830,4.000,10,0,0,10,10,0,0,0,0,32.652,15.025,3.857,15.428,,,36.285,75.218,207.295,1,0,154.644,18320.129,False,explorer stopped itself: no information gain
hk_elevator,mid2,shipped,pr2830+M4.3,4.000,10,0,0,10,10,0,0,0,0,32.652,15.025,3.857,15.428,,,36.285,75.218,207.295,1,0,154.644,18847.850,False,explorer stopped itself: no information gain
hk_elevator,mid2,shipped,stock,4.000,11,0,0,11,11,0,0,0,0,53.318,15.025,4.821,16.852,,,35.085,72.730,207.295,0,0,168.590,18242.974,False,explorer stopped itself: no information gain
hk_elevator,mid2,shipped,stock+M4.3,4.000,7,0,1,6,7,0,0,0,0,29.687,15.025,3.828,10.215,,,34.323,71.150,207.295,0,0,96.727,18772.649,False,explorer stopped itself: no information gain
hk_elevator,mid2,shipped,stock+T30,4.000,7,0,2,5,7,0,0,0,0,12.744,15.025,3.828,8.658,,,34.863,72.270,207.295,0,0,82.433,18665.124,False,explorer stopped itself: no information gain
hk_elevator,mid3,scoring,pr2830,4.000,11,10,1,0,1,1,1,0,0,60.069,15.025,3.889,84.569,17.203,62.099,97.488,202.088,207.295,3,1,736.894,16207.081,False,harness: 6 decisions in a row with < 0.1 m of motion and < 0.05 m2 of map
hk_elevator,mid3,scoring,pr2830+M4.3,4.000,11,11,0,0,0,0,0,0,0,51.134,15.025,3.829,68.923,12.242,59.240,97.233,201.560,207.295,0,0,599.292,16455.433,False,harness: 6 decisions in a row with < 0.1 m of motion and < 0.05 m2 of map
hk_elevator,mid3,scoring,stock,4.000,13,11,2,0,0,1,0,0,0,72.057,15.025,3.866,87.422,28.087,41.366,97.589,202.298,207.295,2,1,785.475,16029.501,False,harness: 6 decisions in a row with < 0.1 m of motion and < 0.05 m2 of map
hk_elevator,mid3,scoring,stock+M4.3,4.000,11,11,0,0,0,0,0,0,0,51.530,15.025,3.829,69.971,12.242,60.289,97.274,201.645,207.295,1,1,604.116,16525.988,False,harness: 6 decisions in a row with < 0.1 m of motion and < 0.05 m2 of map
hk_elevator,mid3,scoring,stock+T30,4.000,15,12,3,0,0,0,0,0,0,61.948,15.025,3.922,86.669,12.242,68.786,97.803,202.740,207.295,3,1,781.553,16350.831,False,harness: 6 decisions in a row with < 0.1 m of motion and < 0.05 m2 of map
hk_elevator,mid3,shipped,pr2830,4.000,9,0,0,9,9,0,0,0,0,22.305,15.025,3.881,15.232,,,46.757,96.925,207.295,0,0,139.365,17088.319,False,explorer stopped itself: no information gain
hk_elevator,mid3,shipped,pr2830+M4.3,4.000,11,0,0,11,11,0,0,0,0,41.213,15.025,3.914,17.000,,,41.621,86.278,207.295,0,0,167.672,17253.044,False,explorer stopped itself: no information gain
hk_elevator,mid3,shipped,stock,4.000,10,0,0,10,10,0,0,0,0,30.616,15.025,3.829,16.642,,,45.682,94.698,207.295,0,0,153.361,17331.915,False,explorer stopped itself: no information gain
hk_elevator,mid3,shipped,stock+M4.3,4.000,8,0,0,8,8,0,0,0,0,15.473,15.025,3.812,14.290,,,43.627,90.438,207.295,0,0,121.232,17714.596,False,explorer stopped itself: no information gain
hk_elevator,mid3,shipped,stock+T30,4.000,13,0,1,12,13,0,0,0,0,25.751,15.025,3.797,21.860,,,47.501,98.468,207.295,1,1,198.895,17015.305,False,explorer stopped itself: no information gain
hk_elevator,mid4,scoring,pr2830,4.000,11,11,0,0,0,1,1,0,0,68.582,15.025,3.711,91.025,21.975,47.827,98.793,204.793,207.295,2,2,805.889,15959.399,False,harness: 6 decisions in a row with < 0.1 m of motion and < 0.05 m2 of map
hk_elevator,mid4,scoring,pr2830+M4.3,4.000,11,11,0,0,0,1,1,0,0,49.444,15.025,3.711,68.351,21.975,56.263,98.304,203.780,207.295,2,2,643.241,16225.934,False,harness: 6 decisions in a row with < 0.1 m of motion and < 0.05 m2 of map
hk_elevator,mid4,scoring,stock,4.000,11,11,0,0,0,1,1,0,0,50.704,15.025,3.849,85.301,18.398,53.232,98.834,204.878,207.295,0,0,760.074,15809.991,False,harness: 6 decisions in a row with < 0.1 m of motion and < 0.05 m2 of map
hk_elevator,mid4,scoring,stock+M4.3,4.000,12,11,1,0,0,1,1,0,0,50.853,15.025,3.811,68.434,14.650,54.882,96.983,201.040,207.295,0,0,593.878,16025.419,False,harness: 6 decisions in a row with < 0.1 m of motion and < 0.05 m2 of map
hk_elevator,mid4,scoring,stock+T30,4.000,13,11,2,0,2,1,1,0,0,54.418,15.025,3.679,80.022,21.947,53.057,97.483,202.078,207.295,3,2,731.690,15844.586,False,harness: 6 decisions in a row with < 0.1 m of motion and < 0.05 m2 of map
hk_elevator,mid4,shipped,pr2830,4.000,14,0,0,14,14,0,0,0,0,46.023,15.025,3.762,23.977,15.637,,64.341,133.375,207.295,0,0,212.202,16383.556,False,explorer stopped itself: no information gain
hk_elevator,mid4,shipped,pr2830+M4.3,4.000,10,0,0,10,10,0,0,0,0,31.707,15.025,3.620,19.061,13.865,,51.236,106.210,207.295,0,0,151.933,16636.317,False,explorer stopped itself: no information gain
hk_elevator,mid4,shipped,stock,4.000,7,0,0,7,7,0,0,0,0,42.753,15.025,4.854,10.803,,,28.463,59.002,207.295,0,0,106.317,16984.346,False,explorer stopped itself: no information gain
hk_elevator,mid4,shipped,stock+M4.3,4.000,12,0,0,12,12,0,0,0,0,26.615,15.025,3.824,22.797,13.931,,64.342,133.378,207.295,0,0,183.414,16589.753,False,explorer stopped itself: no information gain
hk_elevator,mid4,shipped,stock+T30,4.000,14,0,1,13,14,0,0,0,0,22.926,15.025,3.670,21.801,,,49.686,102.998,207.295,0,0,200.256,16622.220,False,explorer stopped itself: no information gain
hk_elevator,mid5,scoring,pr2830,4.000,13,11,2,0,2,0,0,0,0,54.420,15.025,3.816,81.500,36.596,49.247,98.202,203.568,207.295,2,1,717.040,15519.262,False,harness: 6 decisions in a row with < 0.1 m of motion and < 0.05 m2 of map
hk_elevator,mid5,scoring,pr2830+M4.3,4.000,14,12,2,0,2,0,0,0,0,56.254,15.025,3.815,84.288,41.302,53.953,98.326,203.825,207.295,0,0,753.378,15864.402,False,harness: 6 decisions in a row with < 0.1 m of motion and < 0.05 m2 of map
hk_elevator,mid5,scoring,stock,4.000,14,11,3,0,0,0,0,0,0,59.065,15.025,3.916,96.133,33.650,46.787,97.733,202.595,207.295,0,0,860.106,15368.891,False,harness: 6 decisions in a row with < 0.1 m of motion and < 0.05 m2 of map
hk_elevator,mid5,scoring,stock+M4.3,4.000,13,11,2,0,0,0,0,0,0,60.537,15.025,3.804,94.278,12.488,83.091,96.815,200.693,207.295,0,0,832.436,15717.329,False,harness: 6 decisions in a row with < 0.1 m of motion and < 0.05 m2 of map
hk_elevator,mid5,scoring,stock+T30,4.000,20,12,8,0,0,1,1,0,0,100.585,15.025,3.952,129.513,19.094,69.118,98.985,205.190,207.295,0,0,1166.012,15643.654,False,harness: 6 decisions in a row with < 0.1 m of motion and < 0.05 m2 of map
hk_elevator,mid5,shipped,pr2830,4.000,10,0,0,10,10,0,0,0,0,32.040,15.025,3.787,16.545,,,42.917,88.965,207.295,0,0,153.284,16367.647,False,explorer stopped itself: no information gain
hk_elevator,mid5,shipped,pr2830+M4.3,4.000,10,0,0,10,10,0,0,0,0,32.040,15.025,3.787,16.545,,,42.917,88.965,207.295,0,0,153.284,16402.108,False,explorer stopped itself: no information gain
hk_elevator,mid5,shipped,stock,4.000,18,0,0,18,18,0,0,0,0,63.842,15.025,3.987,31.775,20.625,,70.442,146.023,207.295,0,0,276.314,16011.344,False,explorer stopped itself: no information gain
hk_elevator,mid5,shipped,stock+M4.3,4.000,14,0,0,14,14,0,0,0,0,26.400,15.025,3.800,24.779,14.223,,67.469,139.860,207.295,0,0,213.891,16231.320,False,explorer stopped itself: no information gain
hk_elevator,mid5,shipped,stock+T30,4.000,10,0,1,9,10,0,0,0,0,15.781,15.025,3.275,17.339,,,42.023,87.113,207.295,0,0,149.147,16433.717,False,explorer stopped itself: no information gain
hk_entrance,centre,shipped,pr2830,4.000,11,0,1,10,11,0,0,0,0,41.661,20.705,3.897,14.469,,,20.770,87.210,419.885,0,0,157.030,14817.137,False,explorer stopped itself: no information gain
hk_entrance,centre,shipped,pr2830+M4.3,4.000,18,0,1,17,18,0,0,0,0,73.485,20.705,3.760,27.129,,,34.153,143.403,419.885,0,0,270.153,14615.149,False,explorer stopped itself: no information gain
hk_entrance,centre,shipped,stock,4.000,8,0,0,8,8,0,0,0,0,37.727,20.705,3.783,11.320,,,15.236,63.975,419.885,0,0,124.153,14833.685,False,explorer stopped itself: no information gain
hk_entrance,centre,shipped,stock+M4.3,4.000,15,0,0,15,15,0,0,0,0,45.544,20.705,3.652,24.544,,,36.768,154.385,419.885,0,0,232.720,14293.814,False,explorer stopped itself: no information gain
hk_entrance,centre,shipped,stock+T30,4.000,13,0,3,10,13,0,0,0,0,31.853,20.705,3.891,20.550,,,29.801,125.130,419.885,0,0,177.051,14499.676,False,explorer stopped itself: no information gain
hk_entrance,mid1,shipped,pr2830,4.000,15,0,3,12,15,0,0,0,0,44.241,20.705,3.944,21.184,,,26.498,111.260,419.885,1,0,202.268,14245.288,False,explorer stopped itself: no information gain
hk_entrance,mid1,shipped,pr2830+M4.3,4.000,11,0,3,8,11,0,0,0,0,23.572,20.705,3.784,16.171,,,25.832,108.465,419.885,1,0,142.496,14840.001,False,explorer stopped itself: no information gain
hk_entrance,mid1,shipped,stock,4.000,20,0,1,19,20,0,0,0,0,58.529,20.705,3.823,32.331,,,41.904,175.950,419.885,1,0,304.690,13942.671,False,explorer stopped itself: no information gain
hk_entrance,mid1,shipped,stock+M4.3,4.000,11,0,3,8,11,0,0,0,0,19.449,20.705,3.784,16.174,,,25.902,108.760,419.885,1,0,135.942,14573.541,False,explorer stopped itself: no information gain
hk_entrance,mid1,shipped,stock+T30,4.000,13,0,4,9,13,0,0,0,0,24.339,20.705,3.690,18.460,,,25.826,108.440,419.885,0,0,155.451,14434.453,False,explorer stopped itself: no information gain
hk_entrance,mid2,shipped,pr2830,4.000,9,0,1,8,9,0,0,0,0,30.578,20.705,3.934,15.580,,,24.046,100.968,419.885,0,0,130.057,14727.297,False,explorer stopped itself: no information gain
hk_entrance,mid2,shipped,pr2830+M4.3,4.000,8,0,0,8,8,0,0,0,0,31.330,20.705,3.523,14.083,,,25.474,106.963,419.885,0,0,123.555,14885.968,False,explorer stopped itself: no information gain
hk_entrance,mid2,shipped,stock,4.000,18,0,0,18,18,0,0,0,0,53.666,20.705,3.811,30.441,,,42.287,177.555,419.885,0,0,272.511,14149.728,False,explorer stopped itself: no information gain
hk_entrance,mid2,shipped,stock+M4.3,4.000,16,0,0,16,16,0,0,0,0,33.859,20.705,3.805,29.205,,,41.915,175.995,419.885,0,0,248.105,14107.559,False,explorer stopped itself: no information gain
hk_entrance,mid2,shipped,stock+T30,4.000,23,0,4,19,23,0,0,0,0,51.126,20.705,3.927,34.574,,,40.045,168.143,419.885,0,0,312.753,13796.842,False,explorer stopped itself: no information gain
hk_entrance,mid3,shipped,pr2830,4.000,8,0,0,8,8,0,0,0,0,32.991,20.705,3.852,12.977,,,22.715,95.378,419.885,0,0,122.820,14728.227,False,explorer stopped itself: no information gain
hk_entrance,mid3,shipped,pr2830+M4.3,4.000,8,0,0,8,8,0,0,0,0,23.505,20.705,3.852,12.682,,,22.723,95.413,419.885,0,0,122.649,14963.834,False,explorer stopped itself: no information gain
hk_entrance,mid3,shipped,stock,4.000,8,0,0,8,8,0,0,0,0,30.791,20.705,4.774,13.696,,,21.329,89.558,419.885,0,0,121.430,14407.058,False,explorer stopped itself: no information gain
hk_entrance,mid3,shipped,stock+M4.3,4.000,10,0,0,10,10,0,0,0,0,26.720,20.705,3.880,14.942,,,25.348,106.433,419.885,0,0,152.069,14746.793,False,explorer stopped itself: no information gain
hk_entrance,mid3,shipped,stock+T30,4.000,25,0,2,23,25,0,0,0,0,56.365,20.705,3.685,39.831,39.682,,50.372,211.503,419.885,0,0,362.143,13520.327,False,explorer stopped itself: no information gain
hk_entrance,mid4,shipped,pr2830,4.000,10,0,1,9,10,0,0,0,0,47.161,20.705,3.930,15.651,,,17.872,75.040,419.885,0,0,139.195,14669.084,False,explorer stopped itself: no information gain
hk_entrance,mid4,shipped,pr2830+M4.3,4.000,33,0,1,32,33,0,0,0,0,81.927,20.705,3.689,55.376,37.923,,71.818,301.553,419.885,1,0,492.670,13775.942,False,explorer stopped itself: no information gain
hk_entrance,mid4,shipped,stock,4.000,7,0,0,7,7,0,0,0,0,49.764,20.705,4.971,9.192,,,9.275,38.945,419.885,0,0,105.872,14772.772,False,explorer stopped itself: no information gain
hk_entrance,mid4,shipped,stock+M4.3,4.000,27,0,2,25,27,0,0,0,0,62.983,20.705,3.784,46.771,33.133,,69.982,293.843,419.885,0,0,401.907,13209.922,False,explorer stopped itself: no information gain
hk_entrance,mid4,shipped,stock+T30,4.000,7,0,0,7,7,0,0,0,0,10.476,20.705,3.934,11.781,,,17.103,71.812,419.885,1,0,107.953,14741.434,False,explorer stopped itself: no information gain
hk_entrance,mid5,shipped,pr2830,4.000,11,0,0,11,11,0,0,0,0,43.384,20.705,4.218,17.805,,,24.407,102.483,419.885,1,0,168.506,14439.410,False,explorer stopped itself: no information gain
hk_entrance,mid5,shipped,pr2830+M4.3,4.000,14,0,0,14,14,0,0,0,0,41.198,20.705,3.782,23.168,,,34.650,145.490,419.885,0,0,212.990,14776.915,False,explorer stopped itself: no information gain
hk_entrance,mid5,shipped,stock,4.000,7,0,0,7,7,0,0,0,0,26.002,20.705,4.366,9.947,,,19.666,82.573,419.885,0,0,108.755,14639.353,False,explorer stopped itself: no information gain
hk_entrance,mid5,shipped,stock+M4.3,4.000,23,0,0,23,23,0,0,0,0,44.008,20.705,3.833,42.086,31.291,,58.526,245.743,419.885,0,0,354.083,13453.374,False,explorer stopped itself: no information gain
hk_entrance,mid5,shipped,stock+T30,4.000,9,0,3,6,9,0,0,0,0,40.410,20.705,3.777,10.184,,,21.884,91.888,419.885,0,0,113.657,14508.757,False,explorer stopped itself: no information gain
hk_office,centre,scoring,pr2830,4.000,8,1,7,0,7,0,0,0,0,44.978,14.812,3.754,29.648,,,20.090,30.320,150.923,2,1,320.962,16743.466,False,harness: 6 decisions in a row with < 0.1 m of motion and < 0.05 m2 of map
hk_office,centre,scoring,pr2830+M4.3,4.000,10,3,7,0,7,0,0,0,0,44.383,14.812,4.973,20.157,,,21.342,32.210,150.923,0,0,242.682,17124.659,False,harness: 6 decisions in a row with < 0.1 m of motion and < 0.05 m2 of map
hk_office,centre,scoring,stock,4.000,8,1,7,0,7,0,0,0,0,39.089,14.812,3.650,17.851,,,19.386,29.258,150.923,1,0,229.914,16931.090,False,harness: 6 decisions in a row with < 0.1 m of motion and < 0.05 m2 of map
hk_office,centre,scoring,stock+M4.3,4.000,10,3,7,0,7,0,0,0,0,49.385,14.812,4.973,20.157,,,21.342,32.210,150.923,0,0,242.682,16748.649,False,harness: 6 decisions in a row with < 0.1 m of motion and < 0.05 m2 of map
hk_office,centre,scoring,stock+T30,4.000,9,1,8,0,8,0,0,0,0,49.056,14.812,3.812,12.262,,,20.123,30.370,150.923,0,0,150.053,16924.289,False,harness: 6 decisions in a row with < 0.1 m of motion and < 0.05 m2 of map
hk_office,centre,shipped,pr2830,4.000,11,0,1,10,11,0,0,0,0,42.721,14.812,3.006,16.304,,,20.525,30.978,150.923,0,0,168.436,16700.935,False,explorer stopped itself: no information gain
hk_office,centre,shipped,pr2830+M4.3,4.000,9,0,1,8,9,0,0,0,0,35.358,14.812,3.549,12.090,,,14.277,21.548,150.923,0,0,128.800,16933.393,False,explorer stopped itself: no information gain
hk_office,centre,shipped,stock,4.000,8,0,0,8,8,0,0,0,0,33.318,14.812,4.102,10.673,,,14.042,21.193,150.923,0,0,126.932,16777.255,False,explorer stopped itself: no information gain
hk_office,centre,shipped,stock+M4.3,4.000,7,0,0,7,7,0,0,0,0,13.199,14.812,3.627,8.239,,,14.118,21.308,150.923,0,0,107.655,17032.456,False,explorer stopped itself: no information gain
hk_office,centre,shipped,stock+T30,4.000,13,0,4,9,13,0,0,0,0,29.625,14.812,3.661,13.451,,,20.347,30.707,150.923,2,1,159.225,16750.686,False,explorer stopped itself: no information gain
hk_office,mid1,scoring,pr2830,4.000,21,11,10,0,5,2,1,0,0,132.352,14.812,3.919,104.224,21.610,101.537,82.377,124.325,150.923,11,5,1078.529,15600.100,False,harness: 6 decisions in a row with < 0.1 m of motion and < 0.05 m2 of map
hk_office,mid1,scoring,pr2830+M4.3,4.000,21,11,10,0,5,2,1,0,0,122.308,14.812,3.919,104.224,21.610,101.537,82.377,124.325,150.923,11,5,1078.529,15423.335,False,harness: 6 decisions in a row with < 0.1 m of motion and < 0.05 m2 of map
hk_office,mid1,scoring,stock,4.000,11,5,6,0,6,2,0,0,0,84.136,14.812,3.972,92.264,54.601,89.941,82.633,124.713,150.923,2,1,882.690,15593.217,False,harness: 6 decisions in a row with < 0.1 m of motion and < 0.05 m2 of map
hk_office,mid1,scoring,stock+M4.3,4.000,18,12,6,0,4,1,1,0,0,104.061,14.812,3.859,108.334,21.610,91.267,83.339,125.778,150.923,7,3,1135.321,15447.582,False,harness: 6 decisions in a row with < 0.1 m of motion and < 0.05 m2 of map
hk_office,mid1,scoring,stock+T30,4.000,15,5,10,0,4,0,0,0,0,77.543,14.812,3.979,95.611,23.628,78.024,83.513,126.040,150.923,11,5,1043.712,15416.469,False,harness: 6 decisions in a row with < 0.1 m of motion and < 0.05 m2 of map
hk_office,mid1,shipped,pr2830,4.000,18,0,0,18,18,1,1,0,0,71.796,14.812,3.705,33.740,21.407,,65.373,98.663,150.923,0,0,273.926,15968.095,False,explorer stopped itself: no information gain
hk_office,mid1,shipped,pr2830+M4.3,4.000,18,0,0,18,18,0,0,0,0,65.507,14.812,3.705,33.740,21.407,,65.373,98.663,150.923,0,0,273.926,16116.843,False,explorer stopped itself: no information gain
hk_office,mid1,shipped,stock,4.000,10,0,3,7,10,0,0,0,0,35.344,14.812,4.414,11.547,,,22.260,33.595,150.923,0,0,112.254,16542.047,False,explorer stopped itself: no information gain
hk_office,mid1,shipped,stock+M4.3,4.000,14,0,0,14,14,0,0,0,0,28.795,14.812,3.625,26.135,21.390,,52.111,78.648,150.923,0,0,215.198,16339.911,False,explorer stopped itself: no information gain
hk_office,mid1,shipped,stock+T30,4.000,20,1,4,15,4,0,0,0,0,36.249,14.812,3.452,32.382,22.376,,64.594,97.488,150.923,0,0,271.189,15927.523,False,explorer stopped itself: no information gain
hk_office,mid2,scoring,pr2830,4.000,18,12,6,0,3,4,3,2,1,131.129,14.812,3.944,84.648,24.918,81.800,82.566,124.610,150.923,2,1,879.256,14979.598,False,harness: 6 decisions in a row with < 0.1 m of motion and < 0.05 m2 of map
hk_office,mid2,scoring,pr2830+M4.3,4.000,19,13,6,0,3,3,3,1,1,120.092,14.812,3.919,98.871,24.918,85.089,83.132,125.465,150.923,2,1,1011.573,14802.264,False,harness: 6 decisions in a row with < 0.1 m of motion and < 0.05 m2 of map
hk_office,mid2,scoring,stock,4.000,22,12,10,0,7,3,1,0,0,141.058,14.812,4.870,116.123,38.693,89.304,84.093,126.915,150.923,5,2,1226.708,14541.112,False,harness: 6 decisions in a row with < 0.1 m of motion and < 0.05 m2 of map
hk_office,mid2,scoring,stock+M4.3,4.000,19,10,9,0,7,0,0,0,0,91.316,14.812,4.773,60.621,38.076,,78.361,118.265,150.923,6,4,637.646,14988.593,False,harness: 6 decisions in a row with < 0.1 m of motion and < 0.05 m2 of map
hk_office,mid2,scoring,stock+T30,4.000,18,6,12,0,8,2,2,0,0,115.711,14.812,4.614,70.538,30.384,68.606,80.020,120.767,150.923,8,4,837.587,14895.469,False,harness: 6 decisions in a row with < 0.1 m of motion and < 0.05 m2 of map
hk_office,mid2,shipped,pr2830,4.000,10,0,0,10,10,0,0,0,0,41.491,14.812,3.512,15.951,,,21.837,32.958,150.923,0,0,155.378,16717.067,False,explorer stopped itself: no information gain
hk_office,mid2,shipped,pr2830+M4.3,4.000,22,0,1,21,22,2,2,1,1,92.942,14.812,3.669,37.691,24.761,,69.002,104.140,150.923,0,0,331.545,16167.667,False,explorer stopped itself: no information gain
hk_office,mid2,shipped,stock,4.000,8,0,0,8,8,0,0,0,0,17.617,14.812,3.763,13.244,,,25.656,38.720,150.923,0,0,122.981,16647.315,False,explorer stopped itself: no information gain
hk_office,mid2,shipped,stock+M4.3,4.000,28,0,3,25,28,0,0,0,0,74.120,14.812,3.944,43.095,32.823,,69.325,104.628,150.923,0,0,395.471,15786.842,False,explorer stopped itself: no information gain
hk_office,mid2,shipped,stock+T30,4.000,9,0,1,8,9,0,0,0,0,19.647,14.812,2.300,11.696,,,29.381,44.343,150.923,2,1,129.234,16891.062,False,explorer stopped itself: no information gain
hk_office,mid3,scoring,pr2830,4.000,17,11,6,0,4,1,1,0,0,95.018,14.812,4.739,101.377,38.617,98.460,82.630,124.708,150.923,2,1,981.777,14401.375,False,harness: 6 decisions in a row with < 0.1 m of motion and < 0.05 m2 of map
hk_office,mid3,scoring,pr2830+M4.3,4.000,19,11,8,0,5,1,1,0,0,110.077,14.812,3.947,89.424,42.135,76.428,83.167,125.518,150.923,10,5,936.268,14766.192,False,harness: 6 decisions in a row with < 0.1 m of motion and < 0.05 m2 of map
hk_office,mid3,scoring,stock,4.000,19,9,10,0,5,2,1,0,0,130.071,14.812,5.415,109.595,34.961,105.678,83.026,125.305,150.923,11,5,1116.217,14363.185,False,harness: 6 decisions in a row with < 0.1 m of motion and < 0.05 m2 of map
hk_office,mid3,scoring,stock+M4.3,4.000,19,11,8,0,5,0,0,0,0,108.211,14.812,3.947,89.424,42.135,76.428,83.167,125.518,150.923,10,5,936.268,14694.630,False,harness: 6 decisions in a row with < 0.1 m of motion and < 0.05 m2 of map
hk_office,mid3,scoring,stock+T30,4.000,7,2,5,0,5,1,0,0,0,41.639,14.812,4.190,212.633,98.794,210.644,81.807,123.465,150.923,4,2,1936.675,14732.202,False,harness: 6 decisions in a row with < 0.1 m of motion and < 0.05 m2 of map
hk_office,mid3,shipped,pr2830,4.000,15,0,0,15,15,1,1,0,0,65.083,14.812,3.694,25.075,,,49.019,73.980,150.923,0,0,227.450,15286.698,False,explorer stopped itself: no information gain
hk_office,mid3,shipped,pr2830+M4.3,4.000,11,0,0,11,11,0,0,0,0,37.987,14.812,3.694,16.971,,,35.753,53.960,150.923,0,0,168.462,15608.954,False,explorer stopped itself: no information gain
hk_office,mid3,shipped,stock,4.000,7,0,0,7,7,0,0,0,0,36.617,14.812,4.883,9.351,,,18.059,27.255,150.923,0,0,105.524,15872.767,False,explorer stopped itself: no information gain
hk_office,mid3,shipped,stock+M4.3,4.000,13,0,1,12,13,0,0,0,0,29.472,14.812,3.715,20.812,,,43.338,65.408,150.923,0,0,187.718,15581.407,False,explorer stopped itself: no information gain
hk_office,mid3,shipped,stock+T30,4.000,13,1,2,10,3,0,0,0,0,20.151,14.812,2.591,20.167,,,44.100,66.558,150.923,0,0,177.455,15582.349,False,explorer stopped itself: no information gain
hk_office,mid4,scoring,pr2830,4.000,17,10,7,0,4,1,1,0,0,103.149,14.812,3.703,69.422,38.574,65.981,82.920,125.145,150.923,2,1,680.773,14324.202,False,harness: 6 decisions in a row with < 0.1 m of motion and < 0.05 m2 of map
hk_office,mid4,scoring,pr2830+M4.3,4.000,19,12,7,0,4,1,1,0,0,116.660,14.812,4.309,80.887,38.574,78.039,82.741,124.875,150.923,2,1,761.935,14499.791,False,harness: 6 decisions in a row with < 0.1 m of motion and < 0.05 m2 of map
hk_office,mid4,scoring,stock,4.000,18,9,9,0,5,2,1,1,0,107.801,14.812,4.584,112.429,31.548,109.842,82.324,124.245,150.923,2,1,1073.558,14181.516,False,harness: 6 decisions in a row with < 0.1 m of motion and < 0.05 m2 of map
hk_office,mid4,scoring,stock+M4.3,4.000,20,12,8,0,5,1,1,0,0,117.288,14.812,4.936,79.344,35.492,76.999,82.031,123.803,150.923,4,2,769.228,14308.127,False,harness: 6 decisions in a row with < 0.1 m of motion and < 0.05 m2 of map
hk_office,mid4,scoring,stock+T30,4.000,15,7,8,0,3,0,0,0,0,79.189,14.812,3.717,69.134,38.575,65.926,82.756,124.898,150.923,2,1,684.260,14362.228,False,harness: 6 decisions in a row with < 0.1 m of motion and < 0.05 m2 of map
hk_office,mid4,shipped,pr2830,4.000,20,0,1,19,20,0,0,0,0,82.123,14.812,3.707,37.109,26.645,,63.440,95.745,150.923,0,0,305.513,14761.826,False,explorer stopped itself: no information gain
hk_office,mid4,shipped,pr2830+M4.3,4.000,9,0,2,7,9,0,0,0,0,30.265,14.812,3.703,12.796,,,29.164,44.015,150.923,0,0,115.540,15185.618,False,explorer stopped itself: no information gain
hk_office,mid4,shipped,stock,4.000,7,0,0,7,7,0,0,0,0,29.189,14.812,3.889,11.016,,,21.685,32.728,150.923,0,0,109.544,15423.402,False,explorer stopped itself: no information gain
hk_office,mid4,shipped,stock+M4.3,4.000,9,0,2,7,9,0,0,0,0,30.265,14.812,3.703,12.796,,,29.164,44.015,150.923,0,0,115.540,15341.352,False,explorer stopped itself: no information gain
hk_office,mid4,shipped,stock+T30,4.000,9,0,4,5,9,0,0,0,0,17.129,14.812,3.780,10.642,,,29.055,43.850,150.923,0,0,87.674,15365.321,False,explorer stopped itself: no information gain
hk_office,mid5,scoring,pr2830,4.000,10,2,8,0,7,0,0,0,0,53.605,14.812,5.914,24.645,,,21.786,32.880,150.923,0,0,296.512,15150.729,False,harness: 6 decisions in a row with < 0.1 m of motion and < 0.05 m2 of map
hk_office,mid5,scoring,pr2830+M4.3,4.000,10,2,8,0,7,0,0,0,0,55.717,14.812,5.914,24.645,,,21.786,32.880,150.923,0,0,296.512,15362.306,False,harness: 6 decisions in a row with < 0.1 m of motion and < 0.05 m2 of map
hk_office,mid5,scoring,stock,4.000,9,2,7,0,7,0,0,0,0,39.923,14.812,5.751,22.478,,,21.079,31.812,150.923,0,0,269.340,14922.966,False,harness: 6 decisions in a row with < 0.1 m of motion and < 0.05 m2 of map
hk_office,mid5,scoring,stock+M4.3,4.000,10,2,8,0,7,0,0,0,0,50.445,14.812,5.399,23.055,,,21.160,31.935,150.923,0,0,275.772,15155.818,False,harness: 6 decisions in a row with < 0.1 m of motion and < 0.05 m2 of map
hk_office,mid5,scoring,stock+T30,4.000,10,1,9,0,8,0,0,0,0,40.330,14.812,3.352,12.468,,,19.462,29.373,150.923,3,2,173.504,15130.045,False,harness: 6 decisions in a row with < 0.1 m of motion and < 0.05 m2 of map
hk_office,mid5,shipped,pr2830,4.000,7,0,2,5,7,0,0,0,0,21.622,14.812,3.889,8.537,,,12.841,19.380,150.923,0,0,83.150,15175.390,False,explorer stopped itself: no information gain
hk_office,mid5,shipped,pr2830+M4.3,4.000,7,0,2,5,7,0,0,0,0,21.622,14.812,3.889,8.537,,,12.841,19.380,150.923,0,0,83.150,15221.124,False,explorer stopped itself: no information gain
hk_office,mid5,shipped,stock,4.000,8,0,1,7,8,0,0,0,0,25.103,14.812,4.107,10.175,,,15.120,22.820,150.923,0,0,118.720,15113.276,False,explorer stopped itself: no information gain
hk_office,mid5,shipped,stock+M4.3,4.000,9,0,1,8,9,0,0,0,0,26.873,14.812,4.093,12.112,,,15.210,22.955,150.923,0,0,131.681,15235.560,False,explorer stopped itself: no information gain
hk_office,mid5,shipped,stock+T30,4.000,8,0,3,5,8,0,0,0,0,9.102,14.812,2.008,9.139,,,12.843,19.383,150.923,0,0,119.955,15182.708,False,explorer stopped itself: no information gain
hk_park,centre,scoring,pr2830,4.000,10,8,2,0,2,1,1,0,0,73.399,21.531,4.018,108.304,39.956,89.432,96.513,274.345,284.258,8,4,1000.714,12366.140,False,harness: 6 decisions in a row with < 0.1 m of motion and < 0.05 m2 of map
hk_park,centre,scoring,pr2830+M4.3,4.000,15,14,1,0,0,0,0,0,0,72.378,21.531,3.765,107.824,50.881,91.897,97.222,276.360,284.258,13,6,1053.907,11783.957,False,harness: 6 decisions in a row with < 0.1 m of motion and < 0.05 m2 of map
hk_park,centre,scoring,stock,4.000,18,15,3,0,0,1,1,0,0,116.858,21.531,3.918,214.962,46.265,112.960,98.165,279.043,284.258,1,0,1906.289,9977.124,False,harness: 6 decisions in a row with < 0.1 m of motion and < 0.05 m2 of map
hk_park,centre,scoring,stock+M4.3,4.000,18,15,3,0,0,0,0,0,0,84.952,21.531,3.884,164.883,50.941,92.304,98.385,279.668,284.258,7,3,1516.743,10304.037,False,harness: 6 decisions in a row with < 0.1 m of motion and < 0.05 m2 of map
hk_park,centre,scoring,stock+T30,4.000,16,13,3,0,0,1,0,0,0,112.978,21.531,3.738,111.309,50.154,97.002,97.822,278.068,284.258,3,1,1106.573,10760.521,False,harness: 6 decisions in a row with < 0.1 m of motion and < 0.05 m2 of map
hk_park,centre,shipped,pr2830,4.000,14,0,1,13,14,0,0,0,0,37.286,21.531,3.858,22.382,,,38.377,109.090,284.258,1,0,208.792,11886.621,False,explorer stopped itself: no information gain
hk_park,centre,shipped,pr2830+M4.3,4.000,14,0,1,13,14,0,0,0,0,37.286,21.531,3.858,22.382,,,38.377,109.090,284.258,1,0,208.792,12094.321,False,explorer stopped itself: no information gain
hk_park,centre,shipped,stock,4.000,15,0,0,15,15,1,1,0,0,59.688,21.531,3.904,27.424,,,44.624,126.848,284.258,0,0,228.696,11640.719,False,explorer stopped itself: no information gain
hk_park,centre,shipped,stock+M4.3,4.000,12,0,1,11,12,0,0,0,0,20.451,21.531,3.786,19.160,,,38.254,108.740,284.258,0,0,173.166,12025.771,False,explorer stopped itself: no information gain
hk_park,centre,shipped,stock+T30,4.000,18,0,1,17,18,0,0,0,0,37.072,21.531,3.763,29.158,,,45.023,127.983,284.258,0,0,264.735,11710.160,False,explorer stopped itself: no information gain
hk_park,mid1,scoring,pr2830,4.000,13,10,3,0,0,2,1,1,0,112.111,21.531,3.893,174.080,24.881,55.362,97.795,277.990,284.258,5,2,1607.730,11103.477,False,harness: 6 decisions in a row with < 0.1 m of motion and < 0.05 m2 of map
hk_park,mid1,scoring,pr2830+M4.3,4.000,16,15,1,0,0,1,1,0,0,95.307,21.531,3.887,116.626,24.881,61.197,97.273,276.505,284.258,8,4,1096.933,11519.079,False,harness: 6 decisions in a row with < 0.1 m of motion and < 0.05 m2 of map
hk_park,mid1,scoring,stock,4.000,30,9,21,0,21,5,4,2,1,302.369,21.531,5.294,108.426,29.364,62.139,85.944,244.303,284.258,106,54,928.094,9942.472,False,harness: stalled - 20 m of travel for less than 0.10 m2 of new map
hk_park,mid1,scoring,stock+M4.3,4.000,19,14,5,0,4,1,1,0,0,107.084,21.531,3.901,136.212,29.364,68.011,97.250,276.440,284.258,13,5,1264.747,10435.807,False,harness: 6 decisions in a row with < 0.1 m of motion and < 0.05 m2 of map
hk_park,mid1,scoring,stock+T30,4.000,22,13,9,0,0,4,2,3,0,203.988,21.531,3.895,161.830,24.881,70.214,97.342,276.703,284.258,0,0,1402.094,10373.984,False,harness: 6 decisions in a row with < 0.1 m of motion and < 0.05 m2 of map
hk_park,mid1,shipped,pr2830,4.000,7,0,0,7,7,0,0,0,0,29.764,21.531,4.202,9.696,,,21.443,60.953,284.258,0,0,108.315,11902.393,False,explorer stopped itself: no information gain
hk_park,mid1,shipped,pr2830+M4.3,4.000,23,0,0,23,23,0,0,0,0,65.103,21.531,3.835,39.672,25.458,,68.724,195.353,284.258,0,0,357.371,11671.634,False,explorer stopped itself: no information gain
hk_park,mid1,shipped,stock,4.000,7,0,0,7,7,0,0,0,0,38.299,21.531,5.050,9.610,,,18.676,53.088,284.258,0,0,105.843,11981.016,False,explorer stopped itself: no information gain
hk_park,mid1,shipped,stock+M4.3,4.000,10,0,1,9,10,0,0,0,0,33.839,21.531,4.116,15.179,,,27.124,77.103,284.258,0,0,140.762,12068.960,False,explorer stopped itself: no information gain
hk_park,mid1,shipped,stock+T30,4.000,11,0,4,7,11,0,0,0,0,27.365,21.531,3.969,11.964,,,26.256,74.635,284.258,0,0,123.211,12106.035,False,explorer stopped itself: no information gain
hk_park,mid2,scoring,pr2830,4.000,14,11,3,0,2,1,0,0,0,105.697,21.531,3.874,138.881,39.135,110.917,97.186,276.258,284.258,6,3,1243.092,11982.579,False,harness: 6 decisions in a row with < 0.1 m of motion and < 0.05 m2 of map
hk_park,mid2,scoring,pr2830+M4.3,4.000,17,15,2,0,0,1,1,0,0,89.661,21.531,3.832,112.805,25.184,77.605,97.865,278.190,284.258,2,1,997.339,11667.118,False,harness: 6 decisions in a row with < 0.1 m of motion and < 0.05 m2 of map
hk_park,mid2,scoring,stock,4.000,12,10,2,0,1,2,1,1,0,113.653,21.531,3.885,178.037,44.584,102.919,97.880,278.230,284.258,6,3,1582.213,10184.135,False,harness: 6 decisions in a row with < 0.1 m of motion and < 0.05 m2 of map
hk_park,mid2,scoring,stock+M4.3,4.000,17,14,3,0,0,1,1,0,0,90.535,21.531,3.832,106.977,25.184,77.605,96.253,273.605,284.258,0,0,913.170,10222.807,False,harness: 6 decisions in a row with < 0.1 m of motion and < 0.05 m2 of map
hk_park,mid2,scoring,stock+T30,4.000,12,7,5,0,4,0,0,0,0,35.731,21.531,3.766,95.186,57.221,76.602,95.873,272.525,284.258,8,3,890.575,11316.378,False,harness: 6 decisions in a row with < 0.1 m of motion and < 0.05 m2 of map
hk_park,mid2,shipped,pr2830,4.000,8,0,1,7,8,0,0,0,0,38.668,21.531,3.767,11.089,,,19.802,56.290,284.258,0,0,121.087,12446.091,False,explorer stopped itself: no information gain
hk_park,mid2,shipped,pr2830+M4.3,4.000,8,0,1,7,8,0,0,0,0,27.420,21.531,3.569,11.085,,,20.008,56.875,284.258,0,0,115.322,12073.016,False,explorer stopped itself: no information gain
hk_park,mid2,shipped,stock,4.000,14,0,1,13,14,0,0,0,0,51.107,21.531,3.832,23.434,,,43.308,123.105,284.258,0,0,205.545,11907.648,False,explorer stopped itself: no information gain
hk_park,mid2,shipped,stock+M4.3,4.000,21,0,1,20,21,0,0,0,0,39.866,21.531,3.832,38.244,25.477,,66.078,187.833,284.258,0,0,312.777,11326.344,False,explorer stopped itself: no information gain
hk_park,mid2,shipped,stock+T30,4.000,7,0,0,7,7,0,0,0,0,6.220,21.531,3.066,12.070,,,19.189,54.548,284.258,0,0,108.582,12106.144,False,explorer stopped itself: no information gain
hk_park,mid3,scoring,pr2830,4.000,7,2,5,0,5,0,0,0,0,48.372,21.531,3.793,15.681,,,21.062,59.870,284.258,32,16,187.985,11182.694,False,harness: 6 decisions in a row with < 0.1 m of motion and < 0.05 m2 of map
hk_park,mid3,scoring,pr2830+M4.3,4.000,7,2,5,0,5,0,0,0,0,48.372,21.531,3.793,15.681,,,21.062,59.870,284.258,32,16,187.985,11395.693,False,harness: 6 decisions in a row with < 0.1 m of motion and < 0.05 m2 of map
hk_park,mid3,scoring,stock,4.000,30,10,20,0,19,5,5,2,2,275.663,21.531,5.018,145.634,25.631,96.134,90.600,257.538,284.258,106,54,1206.081,9384.463,False,harness: stalled - 20 m of travel for less than 0.10 m2 of new map
hk_park,mid3,scoring,stock+M4.3,4.000,7,2,5,0,5,0,0,0,0,44.622,21.531,3.793,15.681,,,21.062,59.870,284.258,32,16,187.985,11329.081,False,harness: 6 decisions in a row with < 0.1 m of motion and < 0.05 m2 of map
hk_park,mid3,scoring,stock+T30,4.000,16,12,4,0,0,2,1,1,0,116.581,21.531,3.782,107.078,57.528,93.705,96.017,272.935,284.258,6,3,998.253,10145.721,False,harness: 6 decisions in a row with < 0.1 m of motion and < 0.05 m2 of map
hk_park,mid3,shipped,pr2830,4.000,7,0,1,6,7,0,0,0,0,29.325,21.531,3.841,8.273,,,18.137,51.555,284.258,0,0,98.464,11453.857,False,explorer stopped itself: no information gain
hk_park,mid3,shipped,pr2830+M4.3,4.000,7,0,0,7,7,0,0,0,0,24.721,21.531,4.017,10.317,,,20.114,57.175,284.258,0,0,107.166,11729.942,False,explorer stopped itself: no information gain
hk_park,mid3,shipped,stock,4.000,16,0,0,16,16,1,0,0,0,85.842,21.531,3.866,27.703,,,48.227,137.090,284.258,0,0,244.761,11111.379,False,explorer stopped itself: no information gain
hk_park,mid3,shipped,stock+M4.3,4.000,9,0,1,8,9,0,0,0,0,37.646,21.531,3.924,10.683,,,20.606,58.575,284.258,2,1,130.001,11758.112,False,explorer stopped itself: no information gain
hk_park,mid3,shipped,stock+T30,4.000,12,0,2,10,12,0,0,0,0,22.361,21.531,3.661,19.136,,,38.095,108.288,284.258,0,0,160.203,11271.764,False,explorer stopped itself: no information gain
hk_park,mid4,scoring,pr2830,4.000,11,8,3,0,0,0,0,0,0,57.791,21.531,3.859,201.449,22.929,118.424,97.357,276.745,284.258,4,1,1770.323,10150.326,False,harness: 6 decisions in a row with < 0.1 m of motion and < 0.05 m2 of map
hk_park,mid4,scoring,pr2830+M4.3,4.000,16,15,1,0,0,1,1,0,0,86.705,21.531,3.854,110.503,22.929,93.138,97.106,276.033,284.258,10,4,1032.125,10482.836,False,harness: 6 decisions in a row with < 0.1 m of motion and < 0.05 m2 of map
hk_park,mid4,scoring,stock,4.000,13,8,5,0,0,0,0,0,0,86.901,21.531,7.139,209.717,30.899,126.692,97.362,276.758,284.258,4,1,1846.584,9919.824,False,harness: 6 decisions in a row with < 0.1 m of motion and < 0.05 m2 of map
hk_park,mid4,scoring,stock+M4.3,4.000,17,16,1,0,0,1,1,0,0,87.002,21.531,3.844,120.195,22.929,94.806,96.771,275.080,284.258,13,5,1148.292,10028.767,False,harness: 6 decisions in a row with < 0.1 m of motion and < 0.05 m2 of map
hk_park,mid4,scoring,stock+T30,4.000,15,14,1,0,0,1,1,0,0,72.542,21.531,3.850,124.826,26.091,101.247,96.941,275.562,284.258,5,2,1196.293,9971.731,False,harness: 6 decisions in a row with < 0.1 m of motion and < 0.05 m2 of map
hk_park,mid4,shipped,pr2830,4.000,10,0,0,10,10,0,0,0,0,44.675,21.531,3.874,18.882,,,38.025,108.088,284.258,0,0,152.569,11024.881,False,explorer stopped itself: no information gain
hk_park,mid4,shipped,pr2830+M4.3,4.000,10,0,0,10,10,0,0,0,0,30.662,21.531,3.874,18.997,,,38.369,109.067,284.258,0,0,152.709,11147.874,False,explorer stopped itself: no information gain
hk_park,mid4,shipped,stock,4.000,12,0,0,12,12,0,0,0,0,59.362,21.531,3.923,21.881,,,38.311,108.903,284.258,0,0,182.227,10964.059,False,explorer stopped itself: no information gain
hk_park,mid4,shipped,stock+M4.3,4.000,17,0,1,16,17,0,0,0,0,36.042,21.531,3.844,31.362,27.000,,53.233,151.318,284.258,0,0,249.004,10778.944,False,explorer stopped itself: no information gain
hk_park,mid4,shipped,stock+T30,4.000,15,0,2,13,15,0,0,0,0,26.573,21.531,3.844,26.042,,,49.759,141.443,284.258,1,0,204.569,11018.851,False,explorer stopped itself: no information gain
hk_park,mid5,scoring,pr2830,4.000,16,12,4,0,2,2,2,0,0,120.304,21.531,3.786,104.025,25.118,87.704,96.141,273.288,284.258,0,0,924.988,10042.598,False,harness: 6 decisions in a row with < 0.1 m of motion and < 0.05 m2 of map
hk_park,mid5,scoring,pr2830+M4.3,4.000,16,12,4,0,2,2,2,0,0,120.304,21.531,3.786,104.025,25.118,87.704,96.141,273.288,284.258,0,0,924.988,10168.698,False,harness: 6 decisions in a row with < 0.1 m of motion and < 0.05 m2 of map
hk_park,mid5,scoring,stock,4.000,23,11,12,0,8,2,2,1,1,177.509,21.531,3.919,191.244,46.266,84.962,95.480,271.410,284.258,2,1,1663.971,9438.951,False,harness: 6 decisions in a row with < 0.1 m of motion and < 0.05 m2 of map
hk_park,mid5,scoring,stock+M4.3,4.000,16,16,0,0,0,1,1,0,0,88.309,21.531,3.785,120.170,25.118,79.021,98.071,278.775,284.258,7,3,1153.349,9882.631,False,harness: 6 decisions in a row with < 0.1 m of motion and < 0.05 m2 of map
hk_park,mid5,scoring,stock+T30,4.000,18,14,4,0,0,2,2,0,0,139.210,21.531,3.920,169.933,26.192,81.584,98.599,280.275,284.258,7,3,1617.411,9890.830,False,harness: 6 decisions in a row with < 0.1 m of motion and < 0.05 m2 of map
hk_park,mid5,shipped,pr2830,4.000,18,0,0,18,18,1,1,0,0,59.867,21.531,3.885,33.577,26.228,,57.513,163.485,284.258,0,0,277.109,10576.131,False,explorer stopped itself: no information gain
hk_park,mid5,shipped,pr2830+M4.3,4.000,18,0,0,18,18,1,1,0,0,59.867,21.531,3.885,33.577,26.228,,57.513,163.485,284.258,0,0,277.109,10722.631,False,explorer stopped itself: no information gain
hk_park,mid5,shipped,stock,4.000,12,0,2,10,12,0,0,0,0,45.091,21.531,3.867,17.750,,,31.502,89.548,284.258,0,0,153.671,10911.509,False,explorer stopped itself: no information gain
hk_park,mid5,shipped,stock+M4.3,4.000,16,0,0,16,16,0,0,0,0,33.067,21.531,3.842,30.863,23.969,,56.787,161.423,284.258,0,0,242.507,10648.030,False,explorer stopped itself: no information gain
hk_park,mid5,shipped,stock+T30,4.000,11,1,0,10,2,0,0,0,0,17.853,21.531,3.836,20.667,,,38.766,110.195,284.258,0,0,166.881,10856.025,False,explorer stopped itself: no information gain
